nodeID,xcoord,ycoord,floor,building,nodeType,longName,shortName,teamAssigned,status,xCoord3D,yCoord3D, deleteTime
DHALL01202,4570,555,2,15 Francis,HALL,Hallway 12 Floor 3,Hallway D1202,Team M,1,3950,1825,
DHALL03502,3955,830,2,15 Francis,HALL,Hallway 35 Floor 5,Hallway D3502,Team M,1,3405,1810,
EHALL02701,3085,1000,1,45 Francis,HALL,Hallway Node 25 Floor 1,HallE25,Team M,1,2705,1685,
BSTAI00302,2554,783,2,45 Francis,STAI,Staircase Intersection 3 Level 2,Stair B0302,Team M,1,2395,1406,
EHALL00401,2275,910,1,45 Francis,HALL,Hallway Node 2 Floor 1,HallE02,Team M,1,2150,1420,
DHALL05802,3420,850,2,15 Francis,HALL,Hallway 58 Floor 2,Hallway D5802,Team M,1,3005,1680,
GSERV02301,1600,1895,1,Shapiro,SERV,ATM Node 23 Floor 1,ATM Floor 1,Team M,1,1292,1767,
GHALL008L2,1577,2195,L2,Shapiro,HALL,Hallway Node 8 Floor L2,,Team M,1,1177,1998,
IHALL00103,2255,1290,3,45 Francis,HALL,Hallway Node 1,H1,Team M,1,1974,1555,
CDEPT002L1,1980,845,L1,Tower,DEPT,Day Surgery Family Waiting Floor L1,Department C002L1,Team M,1,9848,6700,
FHALL00701,1758,930,1,Tower,HALL,Tower Elevator Entrance,Hallway F00701,Team M,1,1766,1283,
BDEPT00102,2260,786,2,45 Francis,DEPT,Comprehensive Breast Heath,DEPT B0102,Team M,1,2186,1322,
DHALL00102,4770,1140,2,15 Francis,HALL,Hallway 1 Floor 2,Hallway D0102,Team M,1,3890,2175,
DHALL02402,4295,475,2,15 Francis,HALL,Hallway 24 Floor 4,Hallway D2402,Team M,1,3780,1700,
EHALL01601,2910,910,1,45 Francis,HALL,Hallway Node 14 Floor 1,HallE14,Team M,1,2605,1590,
WELEV00KL2,2215,975,L2,45 Francis,ELEV,Elevator K Floor L2,Elevator KL2,Team M,1,2097,1494,
AHALL00602,1683,2543,2,BTM,HALL,Hall,Hall,Team M,1,1164,2094,
AHALL00603,1580,2858,3,BTM,HALL,HallNode,HallNode,Team M,1,1013,2205,
FSTAI00101,2026,892,1,Tower,STAI,Lobby Shattuck Street Stairs,Stairway F00101,Team M,1,1972,1342,
GDEPT02402,1578,1932,2,Shapiro,DEPT,Watkins A Node 24 Floor 2 Floor 2,Watkins A,Team M,1,1281,1750,
WELEV00KL1,2220,975,L1,45 Francis,ELEV,Elevator K Floor L1,Elevator KL1,Team M,1,2098,1474,
AHALL00601,1678,2865,1,BTM,HALL,Hall,Hall,Team M,1,1042,2293,
DHALL04702,3655,805,2,15 Francis,HALL,Hallway 47 Floor 6,Hallway D4702,Team M,1,3185,1715,
IHALL01303,2323,1034,3,45 Francis,HALL,Hallway Node 13,H13,Team M,1,2149,1451,
WELEV00M01,1810,1280,1,Tower,ELEV,Elevator M Floor 1,Elevator M1,Team M,1,1669,1481,
AHALL004L2,1698,2687,L2,BTM,HALL,Hall,Hall,Team M,1,1052,2223,
FEXIT00301,2099,1357,1,Tower,EXIT,Emergency Department Entrance,Emergency Entrance,Team M,1,1873,1633,
IDEPT00803,2492,887,3,45 Francis,DEPT,Fetal Med & Genetics,D8,Team M,1,2330,1422,
AELEV00SL2,1630,2742,L2,BTM,ELEV,Elevator S L2,Elevator S L2,Team M,1,988,2231,
FHALL01801,1758,956,1,Tower,HALL,Tower Hallway 10,Hallway F01801,Team M,1,1754,1301,
DHALL05702,3510,790,2,15 Francis,HALL,Hallway 57 Floor 2,Hallway D5702,Team M,1,3090,1660,
EHALL00501,2290,910,1,45 Francis,HALL,Hallway Node 3 Floor 1,HallE03,Team M,1,2155,1425,
DHALL03402,3945,790,2,15 Francis,HALL,Hallway 34 Floor 5,Hallway D3402,Team M,1,3410,1780,
EHALL02801,2925,1050,1,45 Francis,HALL,Hallway Node 26 Floor 1,HallE26,Team M,1,2555,1670,
DHALL01102,4605,655,2,15 Francis,HALL,Hallway 11 Floor 3,Hallway D1102,Team M,1,3935,1885,
GDEPT01403,1580,1904,3,Shapiro,DEPT,Watkins Clinic C Node 14 Floor 3,Watkins Clinic C,Team M,1,1281,1728,
BINFO00202,3136,963,2,45 Francis,INFO,Valet Service Level 2,INFO B0202,Team M,1,2756,1651,
CSERV001L1,2490,1043,L1,45 Francis,SERV,Volunteers Floor L1,Service C001L1,Team M,1,11337,7910,
ELABS00201,2790,1290,1,45 Francis,LABS,Ambulatory X-Ray Floor 1,X-Ray 1,Team M,1,2385,1760,
CSERV001L2,2015,1280,L2,45 Francis,SERV,Interpreter Services Floor L2,Service C001L2,Team M,1,9319,8047,
GREST00602,1284,1821,2,Shapiro,REST,Restroom Node 6 Floor 2,Restroom 1 Shapiro Floor 2,Team M,1,1149,1625,
ASTAI00101,1642,2596,1,BTM,STAI,Cafe Stairs,Cafe Staris,Team M,1,1104,2144,
GHALL007L2,1578,2089,L2,Shapiro,HALL,Hallway Node 7 Floor L2,,Team M,1,1227,1925,
ASTAI00102,1650,2602,2,BTM,STAI,Stairs; Floor 2,Stairs Floor 2,Team M,1,1125,2120,
GSTAI02602,1686,1931,2,Shapiro,STAI,Stairs Node 26 Floor 2,Floor 2 Stairs Upper,Team M,1,1353,1785,
FHALL00801,1758,850,1,Tower,HALL,Tower Hallway 1,Hallway F00801,Team M,1,1790,1242,
BDEPT00202,2166,1039,2,45 Francis,DEPT,Oral Medicine and Dentistry,DEPT B0202,Team M,1,2013,1435,
DHALL04602,3745,780,2,15 Francis,HALL,Hallway 46 Floor 6,Hallway D4602,Team M,1,3260,1720,
DHALL02302,4280,435,2,15 Francis,HALL,Hallway 23 Floor 4,Hallway D2302,Team M,1,3785,1685,
EHALL01701,2910,890,1,45 Francis,HALL,Hallway Node 15 Floor 1,HallE15,Team M,1,2610,1585,
WELEV00LL1,1785,925,L1,Tower,ELEV,Elevator L Floor L1,Elevator LL1,Team M,1,1804,1315,
FEXIT00201,1748,1321,1,Tower,EXIT,75 Francis Valet Drop-off,75 Francis Exit,Team M,1,1615,1496,
HHALL01002,2055,1280,2,Tower,HALL,Hallway Connector 10 Floor 2,Hallway H01002,Team M,1,1852,1536,
AHALL00701,1017,2865,1,BTM,HALL,Hall,Hall,Team M,1,611,2142,
WELEV00LL2,1785,925,L2,Tower,ELEV,Elevator L Floor L2,Elevator LL2,Team M,1,1804,1340,
HHALL01003,1785,820,3,Tower,HALL,Hallway Connector 10 Floor 3,Hallway H01003,Team M,1,1849,1192,
FSTAI00201,1673,802,1,Tower,STAI,Tower Stairway 1,Tower Stairs 1,Team M,1,1749,1194,
GREST004L2,1680,2090,L2,Shapiro,REST,Restroom Node 4 Floor L2,Restroom Shapiro L2,Team M,1,1300,1957,
IHALL01203,2220,1034,3,45 Francis,HALL,Hallway Node 12,H12,Team M,1,2080,1425,
GHALL00901,1707,2164,1,Shapiro,HALL,Hallway Node 9 Floor 1,,Team M,1,1272,1945,
IDEPT00903,2631,851,3,45 Francis,DEPT,Gynecology,D9,Team M,1,2442,1435,
FHALL01901,1758,1120,1,Tower,HALL,Tower Hallway 11,Hallway F01901,Team M,1,1697,1388,
BHALL00902,2330,590,2,45 Francis,HALL,Hallway Intersection 9 Level 2,Hallway B0902,Team M,1,2341,1180,
BHALL00802,2605,783,2,45 Francis,HALL,Hallway Intersection 8 Level 2,Hallway B0802,Team M,1,2430,1419,
EHALL00601,2385,910,1,45 Francis,HALL,Hallway Node 4 Floor 1,HallE04,Team M,1,2225,1450,
ELABS00101,3050,730,1,45 Francis,LABS,Asthma Research Floor 1,Asthma 1,Team M,1,2780,1535,
EHALL02901,2770,1070,1,45 Francis,HALL,Hallway Node 27 Floor 1,HallE27,Team M,1,2450,1640,
CHALL009L2,1730,850,L2,Tower,HALL,Hallway 9 Floor L2,Hallway C009L2,Team M,1,8290,6154,
DHALL03702,3970,880,2,15 Francis,HALL,Hallway 37 Floor 5,Hallway D3702,Team M,1,3395,1845,
FRETL00201,1609,1246,1,Tower,RETL,Au Bon Pain,ABP,Team M,1,1546,1416,
CHALL009L1,2220,905,L1,45 Francis,HALL,Hallway 9 Floor L1,Hallway C009L1,Team M,1,10612,7183,
DHALL01402,4570,455,2,15 Francis,HALL,Hallway 14 Floor 3,Hallway D1402,Team M,1,3990,1775,
BSTAI00502,2945,840,2,45 Francis,STAI,Staircase Intersection 5 Level 2,Stair B0502,Team M,1,2661,1537,
FHALL00501,1950,910,1,Tower,HALL,Shattuck Street Lobby 3,Hallway F00501,Team M,1,1913,1330,
IHALL02203,2362,764,3,45 Francis,HALL,Hallway Node 22,H22,Team M,1,2280,1317,
AHALL00901,1581,2566,1,BTM,HALL,Hall,Hall,Team M,1,1074,2135,
DSTAI00802,3535,645,2,15 Francis,STAI,Staircase8 Floor2,Staircase8,Team M,1,3175,1585,
BDEPT00302,2385,753,2,45 Francis,DEPT,Lee Bell Breast Center,DEPT B0302,Team M,1,2293,1320,
FHALL02801,1748,1280,1,Tower,HALL,Lobby Entrance Hallway,HallwayF02801,Team M,1,1630,1463,
GHALL03101,1227,1859,1,Shapiro,HALL,Hallway Node 31 Floor 1,,Team M,1,1035,1641,
BHALL01902,2678,1032,2,45 Francis,HALL,Hallway Intersection 19 Level 2,Hallway B1902,Team M,1,2409,1577,
AELEV00S01,1534,2777,1,BTM,ELEV,Elevator S 01,Elevator S 1,Team M,1,987,2187,
BREST00402,2554,1389,2,45 Francis,REST,Restroom 4 Level 2,REST B0402,Team M,1,2181,1728,
EHALL01801,2925,910,1,45 Francis,HALL,Hallway Node 16 Floor 1,HallE16,Team M,1,2620,1595,
AELEV00S03,1539,2773,3,BTM,ELEV,Elevator S; Floor 3,Elevator S 3,Team M,1,1014,2150,
WHALL01002,1690,2455,2,BTM,HALL,Hallway Connector 10 Floor 2,Hallway W1002,Team M,1,1186,2085,
AELEV00S02,1532,2777,2,BTM,ELEV,Elevator S 02,Elevator S 2,Team M,1,1001,2162,
WELEV00ML1,1820,1285,L1,Tower,ELEV,Elevator M Floor L1,Elevator ML1,Team M,1,1694,1514,
AHALL00801,1532,2739,1,BTM,HALL,Hall,Hall,Team M,1,991,2179,
DHALL00302,4725,995,2,15 Francis,HALL,Hallway 3 Floor 2,Hallway D0302,Team M,1,3910,2105,
DHALL02602,4270,650,2,15 Francis,HALL,Hallway 26 Floor 4,Hallway D2602,Team M,1,3695,1790,
HHALL01103,1690,820,3,Tower,HALL,Hallway Connector 11 Floor 3,Hallway H01103,Team M,1,1777,1170,
FSTAI00301,1947,1239,1,Tower,STAI,Lobby Escalator,Lobby Escalator,Team M,1,1785,1497,
WELEV00ML2,1820,1280,L2,Tower,ELEV,Elevator M Floor L2,Elevator ML2,Team M,1,1699,1537,
DHALL04902,3630,810,2,15 Francis,HALL,Hallway 49 Floor 2,Hallway D4902,Team M,1,3170,1710,
FHALL01601,1758,1060,1,Tower,HALL,Tower Hallway 8,Hallway F01601,Team M,1,1718,1361,
IHALL01103,2922,1075,3,45 Francis,HALL,Hallway Node 11,H11,Team M,1,2573,1630,
FDEPT00101,1617,825,1,Tower,DEPT,Center for International Medicine,CIM,Team M,1,1699,1193,
BHALL00702,2672,902,2,45 Francis,HALL,Hallway Intersection 7 Level 2,Hallway B0702,Team M,1,2448,1507,
DHALL01302,4545,460,2,15 Francis,HALL,Hallway 13 Floor 3,Hallway D1302,Team M,1,3965,1775,
EHALL00701,2385,860,1,45 Francis,HALL,Hallway Node 5 Floor 1,HallE05,Team M,1,2245,1425,
FRETL00101,1973,844,1,Tower,RETL,Lobby Vending Machine,VM Lobby,Team M,1,1947,1300,
GDEPT03502,1580,2166,2,Shapiro,DEPT,Watkins B Node 35 Floor 2,Watkins B,Team M,1,1178,1901,
HHALL00102,1875,925,2,Tower,HALL,Hallway Connector 1 Floor 2,Hallway H00102,Team M,1,1840,1296,
DHALL03602,3965,860,2,15 Francis,HALL,Hallway 36 Floor 5,Hallway D3602,Team M,1,3400,1830,
HHALL00103,1325,655,3,Tower,HALL,Hallway Connector 1 Floor 3,Hallway H00103,Team M,1,1565,982,
FINFO00101,1700,1226,1,Tower,INFO,75 Lobby Information Desk,Lobby Info Desk,Team M,1,1619,1432,
BSTAI00602,3217,886,2,45 Francis,STAI,Staircase Intersection 6 Level 2,Stair B0602,Team M,1,2850,1636,
GHALL009L2,1578,2032,L2,Shapiro,HALL,Hallway Node 9 Floor L2,,Team M,1,1254,1885,
FHALL00601,1869,930,1,Tower,HALL,Tower Lobby Entrance 1,Tower Entrance,Team M,1,1847,1311,
BDEPT00402,2439,902,2,45 Francis,DEPT,Jen Center for Primary Care,DEPT B0402,Team M,1,2266,1442,
DLABS00102,3830,775,2,15 Francis,LABS,MRI Associates Floor 2,MRI Associates,Team M,1,3330,1745,
BHALL01802,2610,953,2,45 Francis,HALL,Hallway Intersection 18 Level 2,Hallway B1802,Team M,1,2373,1519,
FHALL02901,1700,1280,1,Tower,HALL,75 Lobby,75 Lobby,Team M,1,1594,1456,
GHALL03002,1580,2090,2,Shapiro,HALL,Hall Node 30 Floor 2,,Team M,1,1200,1881,
BREST00502,2782,1152,2,45 Francis,REST,Restroom 5 Level 2,REST B0502,Team M,1,2434,1661,
DHALL00202,4750,1080,2,15 Francis,HALL,Hallway 2 Floor 2,Hallway D0202,Team M,1,3895,2155,
EHALL01901,2960,900,1,45 Francis,HALL,Hallway Node 17 Floor 1,HallE17,Team M,1,2645,1600,
DHALL02502,4285,715,2,15 Francis,HALL,Hallway 25 Floor 4,Hallway D2502,Team M,1,3685,1835,
HHALL01203,1600,820,3,Tower,HALL,Hallway Connector 12 Floor 3,Hallway H01203,Team M,1,1707,1145,
DHALL04802,3645,775,2,15 Francis,HALL,Hallway 48 Floor 2,Hallway D4802,Team M,1,3200,1680,
FDEPT00201,1610,1120,1,Tower,DEPT,Bretholtz Center for Patients and Families,Bretholtz WR,Team M,1,1587,1343,
GSTAI01301,1750,2014,1,Shapiro,STAI,Staircase Node 13 Floor 1,Southbound Stairs Floor 1,Team M,1,1363,1875,
IHALL01003,2772,1075,3,45 Francis,HALL,Hallway Node 10,H10,Team M,1,2462,1591,
GINFO01902,1630,1821,2,Shapiro,INFO,Info Node 19 Floor 2,Information Center Shapiro Floor 2,Team M,1,1361,1704,
FHALL01701,1721,956,1,Tower,HALL,Tower Hallway 9,Hallway F01701,Team M,1,1728,1295,
WHALL00402,2105,900,2,45 Francis,HALL,Hallway Connector 4 Floor 2,Hallway W0402,Team M,1,2032,1343,
EHALL00801,2460,910,1,45 Francis,HALL,Hallway Node 6 Floor 1,HallE06,Team M,1,2285,1470,
DHALL01602,4390,605,2,15 Francis,HALL,Hallway 16 Floor 3,Hallway D1602,Team M,1,3835,1805,
AINFO001L2,1681,2747,L2,BTM,INFO,BTM Security Desk,Security,Team M,1,1022,2245,
HDEPT00102,2055,1330,2,Tower,DEPT,Endoscopy,Endoscopy,Team M,1,1835,1567,
HDEPT00103,1725,900,3,Tower,DEPT,Dialysis Waiting Room,Dialysis WR,Team M,1,1765,1220,
DREST00102,4125,625,2,15 Francis,REST,Restroom B elevator Floor 2,Restroom B,Team M,1,3600,1740,
DHALL03902,3910,685,2,15 Francis,HALL,Hallway 39 Floor 5,Hallway D3902,Team M,1,3420,1745,
CHALL010L2,2130,850,L2,Tower,HALL,Hallway 10 Floor L2,Hallway C010L2,Team M,1,10420,7026,
FHALL00301,2017,910,1,Tower,HALL,Shattuck Street Lobby 1,Hallway F00301,Team M,1,1955,1347,
FHALL02601,2026,1239,1,Tower,HALL,Lobby Hallway 4,Hallway F02601,Team M,1,1847,1527,
CHALL010L1,2265,905,L1,45 Francis,HALL,Hallway 10 Floor L1,Hallway C010L1,Team M,1,10775,7243,
ALABS00203,1671,2695,3,BTM,LABS,Clinical Trials,Clinical Trials,Team M,1,1117,2142,
GHALL01802,1630,1801,2,Shapiro,HALL,Hall Node 18 Floor 2,,Team M,1,1364,1689,
IHALL00503,2730,1290,3,45 Francis,HALL,Hallway Node 5,H5,Team M,1,2356,1694,
GHALL004L1,1666,2167,L1,Shapiro,HALL,Hallway Node 4 Floor L1,,Team M,1,1259,1963,
BHALL03202,2554,1472,2,45 Francis,HALL,Hallway Intersection 32 Level 2,Hallway B3202,Team M,1,2140,1781,
GLABS015L2,1512,1812,L2,Shapiro,LABS,CVRR Floor L2,CVRR,Team M,1,1281,1758,
HRETL00302,1825,1080,2,Tower,RETL,Gift Shop Tower Floor 2,Gift Shop,Team M,1,1775,1364,
GSERV01603,1580,1858,3,Shapiro,SERV,The Porch Node 16 Floor 3,The Porch,Team M,1,1299,1698,
BSTAI01002,2238,932,2,45 Francis,STAI,Staircase Intersection 10 Level 2,Stair B1002,Team M,1,2110,1403,
FSERV00101,1950,871,1,Tower,SERV,Shattuck Street Lobby ATM,Lobby ATM,Team M,1,1926,1304,
DHALL00502,4705,925,2,15 Francis,HALL,Hallway 5 Floor 2,Hallway D0502,Team M,1,3920,2060,
DHALL02802,4185,665,2,15 Francis,HALL,Hallway 28 Floor 4,Hallway D2802,Team M,1,3610,1775,
AHALL00202,1590,2604,2,BTM,HALL,Hall,Hall,Team M,1,1095,2107,
WHALL002L2,1745,1540,L2,Shapiro,HALL,Hallway Connector 2 Floor L2,Hallway W02L2,Team M,1,1547,1681,
AHALL00203,1600,2732,3,BTM,HALL,Hall,Hall,Team M,1,1068,2145,
AHALL00201,1608,2596,1,BTM,HALL,Hall,Hall,Team M,1,1088,2140,
FHALL01401,1627,1029,1,Tower,HALL,Tower Hallway 6,Hallway F01401,Team M,1,1635,1303,
FDEPT00301,1721,931,1,Tower,DEPT,Multifaith Chapel,Chapel,Team M,1,1735,1280,
IREST00103,2255,1255,3,45 Francis,REST,Restroom 1 - Family,R1,Team M,1,1985,1538,
IHALL01703,2323,851,3,45 Francis,HALL,Hallway Node 17,H17,Team M,1,2215,1352,
GHALL02902,1728,2042,2,Shapiro,HALL,Hall Node 29 Floor 2,,Team M,1,1347,1859,
BHALL02102,2841,1032,2,45 Francis,HALL,Hallway Intersection 21 Level 2,Hallway B2102,Team M,1,2511,1611,
BHALL04402,3063,963,2,45 Francis,HALL,Hallway Intersection 44 Level 2,Hallway B4402,Team M,1,2694,1632,
GHALL02901,1262,1850,1,Shapiro,HALL,Hallway Node 29 Floor 1,,Team M,1,1050,1644,
GHALL00603,1685,2142,3,Shapiro,HALL,Hallway Node 6 Floor 3,,Team M,1,1283,1882,
GLABS003L2,1729,2089,L2,Shapiro,LABS,Cardiovascular Imaging Center Floor L2,Cardiovascular Imaging Center,Team M,1,1334,1971,
GHALL00601,1707,2015,1,Shapiro,HALL,Hallway Node 6 Floor 1,,Team M,1,1328,1861,
ESTAI00101,2190,910,1,45 Francis,STAI,Staircase K1 Floor 1,Stair K1,Team M,1,2080,1390,
IDEPT00403,2738,1227,3,45 Francis,DEPT,General Surgical Specialties Suite B,D4,Team M,1,2387,1668,
WHALL00302,2085,900,2,45 Francis,HALL,Hallway Connector 3 Floor 2,Hallway W0302,Team M,1,2017,1338,
EHALL00901,2585,910,1,45 Francis,HALL,Hallway Node 7 Floor 1,HallE07,Team M,1,2375,1505,
DREST00202,3895,695,2,15 Francis,REST,Restroom C elevator Floor 2,Restroom C,Team M,1,3400,1725,
DHALL03802,3980,910,2,15 Francis,HALL,Hallway 38 Floor 5,Hallway D3802,Team M,1,3390,1870,
DHALL01502,4480,580,2,15 Francis,HALL,Hallway 15 Floor 3,Hallway D1502,Team M,1,3890,1815,
AHALL001L2,1627,2782,L2,BTM,HALL,Hallway to Elevator,Hall,Team M,1,972,2251,
CHALL011L1,2360,850,L1,45 Francis,HALL,Hallway 11 Floor L1,Hallway C011L1,Team M,1,11217,7222,
FHALL02701,2066,1239,1,Tower,HALL,Lobby Hallway 7,Hallway F02701,Team M,1,1874,1538,
FHALL00401,1973,910,1,Tower,HALL,Shattuck Street Lobby 2,Hallway F00401,Team M,1,1928,1337,
IHALL00403,2570,1290,3,45 Francis,HALL,Hallway Node 4,H4,Team M,1,2242,1653,
BHALL03102,2554,1280,2,45 Francis,HALL,Hallway Intersection 31 Level 2,Hallway B3102,Team M,1,2216,1673,
GHALL003L1,1688,2167,L1,Shapiro,HALL,Hallway Node 3 Floor L1,,Team M,1,1284,1972,
GHALL01702,1578,1820,2,Shapiro,HALL,Hall Node 17 (Exit?) Floor 2,,Team M,1,1320,1689,
GHALL01701,1605,2093,1,Shapiro,HALL,Hallway Node 17 Floor 1,,Team M,1,1230,1878,
GLABS014L2,1512,1844,L2,Shapiro,LABS,Cardiac Stress Test Lab Floor L2,Cardiac Stress Test Lab,Team M,1,1271,1772,
HRETL00202,1615,1025,2,Tower,RETL,Vending Machine Floor 2?,Vending Machine,Team M,1,1640,1286,
WHALL001L2,1745,1525,L2,Tower,HALL,Hallway Connector 1 Floor L2,Hallway W01L2,Team M,1,1555,1665,
DHALL02702,4220,660,2,15 Francis,HALL,Hallway 27 Floor 4,Hallway D2702,Team M,1,3670,1790,
AHALL00303,1650,2732,3,BTM,HALL,Hall,Hall,Team M,1,1100,2155,
DHALL00402,4785,975,2,15 Francis,HALL,Hallway 4 Floor 2,Hallway D0402,Team M,1,3945,2105,
AHALL00301,1608,2737,1,BTM,HALL,Hall,Hall,Team M,1,1043,2200,
AHALL00302,1590,2745,2,BTM,HALL,Hall,Hall,Team M,1,1034,2187,
FREST00101,2091,976,1,Tower,REST,Bathroom 75 Lobby,Bathroom Lobby,Team M,1,1976,1399,
FDEPT00401,1794,1146,1,Tower,DEPT,Sharf Admitting Center,Sharf Center,Team M,1,1712,1418,
FHALL01501,1627,1060,1,Tower,HALL,Tower Hallway 7,Hallway F01501,Team M,1,1619,1325,
IHALL01603,2252,851,3,45 Francis,HALL,Hallway Node 16,H16,Team M,1,2172,1337,
BHALL02002,2761,1032,2,45 Francis,HALL,Hallway Intersection 20 Level 2,Hallway B2002,Team M,1,2458,1593,
BHALL04302,2782,1067,2,45 Francis,HALL,Hallway Intersection 43 level 2,Hallway B04302,Team M,1,2451,1637,
GHALL02801,1270,1830,1,Shapiro,HALL,Hallway Node 28 Floor 1,,Team M,1,1073,1636,
GHALL00502,1283,1781,2,Shapiro,HALL,Hall Node 5 Floor 2,,Team M,1,1155,1597,
IREST00203,2570,1257,3,45 Francis,REST,Restroom 2,R2,Team M,1,2252,1639,
IDEPT00503,2868,1075,3,45 Francis,DEPT,Urology,D5,Team M,1,2529,1616,
WHALL00203,2080,1290,3,45 Francis,HALL,Hallway Connector 2 Floor 3,Hallway W0203,Team M,1,1886,1524,
WHALL00202,3360,860,2,15 Francis,HALL,Hallway Connector 2 Floor 2,Hallway W0202,Team M,1,2959,1662,
AREST00101,1556,2604,1,BTM,REST,Restroom; S elevator; 1st floor,Restroom,Team M,1,1032,2119,
WHALL00201,2175,910,1,45 Francis,HALL,Hallway Connector 2 Floor 1,Hallway W0201,Team M,1,2061,1388,
EDEPT00101,2335,860,1,45 Francis,DEPT,Waiting Room 1 Floor 1,Wait 1,Team M,1,2205,1410,
ESTAI00301,2790,1155,1,45 Francis,STAI,Staircase H1 Floor 1,Stair H1,Team M,1,2440,1690,
AREST00103,1552,2854,3,BTM,REST,Restroom; BTM conference center; 3rd floor,Restroom,Team M,1,1000,2198,
DREST00302,3635,830,2,15 Francis,REST,Restroom C-D elevator Floor 2,Restroom C-D,Team M,1,3170,1730,
AHALL002L2,1698,2776,L2,BTM,HALL,Hallway Intersection,Hall,Team M,1,1022,2265,
CDEPT004L1,2310,1043,L1,45 Francis,DEPT,Medical Records Film Library Floor L1,Department C004L1,Team M,1,10687,7672,
BSTAI00102,2177,902,2,45 Francis,STAI,Staircase Intersection 1 Level 2,Stair B0102,Team M,1,2066,1358,
DHALL01802,4340,625,2,15 Francis,HALL,Hallway 18 Floor 3,Hallway D1802,Team M,1,3755,1780,
FHALL02401,1965,1280,1,Tower,HALL,Lobby Hallway 2,Hallway F02401,Team M,1,1787,1525,
BHALL03002,2782,1165,2,45 Francis,HALL,Hallway Intersection 30 Level 2,Hallway B3002,Team M,1,2428,1670,
IHALL00303,2448,1290,3,45 Francis,HALL,Hallway Node 3,H3,Team M,1,2152,1620,
GHALL006L1,1665,2116,L1,Shapiro,HALL,Hallway Node 6 Floor L1,,Team M,1,1277,1941,
FHALL00101,2055,910,1,Tower,HALL,Lower Pike Hallway Exit Lobby,Hallway F00101,Team M,1,1970,1352,
HRETL00102,1935,860,2,Tower,RETL,Garden Cafe,Garden Cafe,Team M,1,1901,1262,
CRETL001L1,2185,905,L1,45 Francis,RETL,Vending Machine 1 L1,Retail C001L1,Team M,1,10485,7136,
AHALL00402,1528,2745,2,BTM,HALL,Hall,Hall,Team M,1,1013,2153,
AHALL00403,1650,2766,3,BTM,HALL,Hall,Hall,Team M,1,1089,2174,
ALABS001L2,1667,2682,L2,BTM,LABS,MRI/CT Scan Imaging,MRI/CT Imaging,Team M,1,1029,2217,
AHALL00401,1420,2737,1,BTM,HALL,Hall,Hall,Team M,1,954,2154,
DHALL00702,4675,820,2,15 Francis,HALL,Hallway 7 Floor 2,Hallway D0702,Team M,1,3935,1995,
EEXIT00101,2275,785,1,45 Francis,EXIT,Ambulance Parking Exit Floor 1,AmbExit 1,Team M,1,2195,1355,
FDEPT00501,2128,1300,1,Tower,DEPT,Emergency Department,Emergency,Team M,1,1906,1610,
GHALL017L2,1512,1539,L2,Shapiro,HALL,Hallway Node 17 Floor L2,,Team M,1,1382,1614,
BHALL04202,2761,1067,2,45 Francis,HALL,Hallway Intersection 42 Level 2,Hallway B04202,Team M,1,2440,1632,
GHALL00803,1685,2106,3,Shapiro,HALL,Hallway Node 8 Floor 3,,Team M,1,1289,1848,
FHALL01201,1548,930,1,Tower,HALL,Tower Staff Entrance,Hallway F01201,Team M,1,1617,1226,
IHALL01503,2220,944,3,45 Francis,HALL,Hallway Node 15,H15,Team M,1,2114,1376,
GHALL00801,1707,2152,1,Shapiro,HALL,Hallway Node 8 Floor 1,,Team M,1,1278,1936,
IDEPT00603,2333,764,3,45 Francis,DEPT,Maternal Fetal Practice,D6,Team M,1,2260,1304,
HSTAI00202,1695,1165,2,Tower,STAI,Stairwell 2 Tower Floor 2,Stairwell 0202,Team M,1,1632,1382,
WHALL00103,2060,1290,3,45 Francis,HALL,Hallway Connector 1 Floor 3,Hallway W0103,Team M,1,1869,1514,
HDEPT00203,1690,830,3,Tower,DEPT,MICU 3B/C Waiting Room,MICU 3B/C WR,Team M,1,1772,1177,
ESTAI00201,2275,830,1,45 Francis,STAI,Staircase J1 Floor 1,Stair J1,Team M,1,2175,1375,
WHALL00102,3345,865,2,45 Francis,HALL,Hallway Connector 1 Floor 2,Hallway W0102,Team M,1,2943,1665,
WHALL00101,2160,910,1,45 Francis,HALL,Hallway Connector 1 Floor 1,Hallway W0101,Team M,1,2042,1381,
DREST00402,3525,850,2,15 Francis,REST,Restroom D elevator Floor 2,Restroom D,Team M,1,3070,1710,
DHALL01702,4385,585,2,15 Francis,HALL,Hallway 17 Floor 3,Hallway D1702,Team M,1,3835,1790,
AHALL003L2,1701,2734,L2,BTM,HALL,Hall,Hall,Team M,1,1036,2245,
BSTAI00202,2279,827,2,45 Francis,STAI,Staircase Intersection 2 Level 2,Stair B0202,Team M,1,2169,1365,
CDEPT003L1,1845,845,L1,Tower,DEPT,Day Surgery Family Waiting Exit Floor L1,Department C003L1,Team M,1,9353,6517,
FHALL00201,2026,910,1,Tower,HALL,Lobby Shattuck Street,Hallway F00201,Team M,1,1961,1352,
IHALL00203,2323,1290,3,45 Francis,HALL,Hallway Node 2,H2,Team M,1,2059,1586,
FHALL02501,1965,1239,1,Tower,HALL,Lobby Hallway 3,Hallway F02501,Team M,1,1799,1503,
GHALL005L1,1688,2131,L1,Shapiro,HALL,Hallway Node 5 Floor L1,,Team M,1,1287,1957,
GHALL005L2,1642,2089,L2,Shapiro,HALL,Hallway Node 5 Floor L2,,Team M,1,1269,1942,
AHALL00503,1650,2855,3,BTM,HALL,Hall,Hall,Team M,1,1049,2214,
DHALL00602,4690,870,2,15 Francis,HALL,Hallway 6 Floor 2,Hallway D0602,Team M,1,3930,2025,
AHALL00501,1420,2865,1,BTM,HALL,Hall,Hall,Team M,1,901,2239,
AHALL00502,1398,2745,2,BTM,HALL,Hall,Hall,Team M,1,904,2117,
FLABS00101,1845,1250,1,Tower,LABS,Obstetrics Admitting,Obs Admitting,Team M,1,1719,1483,
EEXIT00201,2950,705,1,45 Francis,EXIT,Exit 2 Floor 1,Exit 2,Team M,1,2710,1495,
EHALL03001,2790,1070,1,45 Francis,HALL,Hallway Node 28 Floor 1,HallE28,Team M,1,2465,1645,
DHALL02902,4140,680,2,15 Francis,HALL,Hallway 29 Floor 4,Hallway D2902,Team M,1,3590,1775,
FHALL01301,1627,825,1,Tower,HALL,Tower Hallway 5,Hallway F01301,Team M,1,1710,1194,
FDEPT00601,1780,1029,1,Tower,DEPT,International Patient Center,IPC,Team M,1,1745,1344,
GHALL00703,1685,2230,3,Shapiro,HALL,Hallway Node 7 Floor 3,,Team M,1,1252,1915,
GHALL016L2,1512,1702,L2,Shapiro,HALL,Hallway Node 16 Floor L2,,Team M,1,1322,1699,
BHALL04102,2678,1067,2,45 Francis,HALL,Hallway Intersection 41 Level 2,Hallway B04102,Team M,1,2401,1595,
IHALL01403,2323,993,3,45 Francis,HALL,Hallway Node 14,H14,Team M,1,2166,1430,
GHALL00701,1708,2092,1,Shapiro,HALL,Hallway Node 7 Floor 1,,Team M,1,1301,1898,
IDEPT00703,2400,764,3,45 Francis,DEPT,Obstetrics,D7,Team M,1,2305,1319,
HSTAI00302,1790,1230,2,Tower,STAI,Escalator 1 Floor 2,Escalator 1 Floor 2,Team M,1,1679,1440,
CLABS002L1,1750,1090,L1,Tower,LABS,Pre-Op PACU Floor L1,Lab C002L1,Team M,1,8547,7050,
HHALL00603,1735,925,3,Tower,HALL,Hallway Connector 6 Floor 3,Hallway H00603,Team M,1,1766,1225,
AHALL01001,1605,2568,1,BTM,HALL,Hall,Hall,Team M,1,736,2000,
CLABS002L2,2215,1280,L2,45 Francis,LABS,Radiation Oncology Floor L2,Lab C002L2,Team M,1,10013,8198,
DHALL05002,3575,825,2,15 Francis,HALL,Hallway 50 Floor 2,Hallway D5002,Team M,1,3130,1700,
EDEPT00301,3200,880,1,45 Francis,DEPT,Ocupational Health Floor 1,Ocupational 1,Team M,1,2835,1655,
HBATH00102,1605,1008,2,Tower,BATH,Bathroom 1 Tower Floor 2,Bathroom 0102,Team M,1,1626,1268,
HBATH00103,1785,830,3,Tower,BATH,Bathroom 1 Tower Floor 3,Bathroom 0103,Team M,1,1845,1200,
GHALL03702,1692,2211,2,Shapiro,HALL,Hall Node 37 Floor 2,,Team M,1,1264,1956,
BDEPT00902,3257,879,2,45 Francis,DEPT,Weiner Center for Preoperative Evaluation,DEPT B0902,Team M,1,2900,1649,
BHALL00202,2279,902,2,45 Francis,HALL,Hallway Intersection 2 Level 2,Hallway B0202,Team M,1,2153,1387,
WHALL00802,1720,1745,2,Shapiro,HALL,Hallway Connector 8 Floor 2,Hallway W0802,Team M,1,1456,1693,
HHALL00602,1775,1080,2,Tower,HALL,Hallway Connector 6 Floor 2,Hallway H00602,Team M,1,1733,1351,
BLABS00102,2246,1350,2,45 Francis,LABS,Vascular Diagnostic Lab,Labs B0102,Team M,1,1958,1641,
DSTAI00202,4330,580,2,15 Francis,STAI,Staircase2 Floor2,Staircase2,Team M,1,3770,1760,
FHALL02201,1769,1280,1,Tower,HALL,Hallway Lobby Entrance,Entrance Hallway,Team M,1,1658,1471,
CHALL014L1,1845,925,L1,Tower,HALL,Hallway 14 Floor L1,Hallway C014L1,Team M,1,9205,6732,
BHALL01302,3135,890,2,45 Francis,HALL,Hallway Intersection 13 Level 2,Hallway B1302,Team M,1,2795,1615,
GHALL01402,1450,1820,2,Shapiro,HALL,Hall Node 14 Floor 2,,Team M,1,1231,1668,
IHALL00903,2649,1075,3,45 Francis,HALL,Hallway Node 9,H9,Team M,1,2376,1559,
GHALL01401,1749,2151,1,Shapiro,HALL,Hallway Node 14 Floor 1,,Team M,1,1314,1946,
BHALL03602,2279,762,2,45 Francis,HALL,Hallway Intersection 36 Level 2,Hallway B3602,Team M,1,2200,1315,
DINFO00202,3490,825,2,15 Francis,INFO,Security Desk Thorn Floor 2,Security Desk,Team M,1,3050,1675,
GELEV00Q01,1607,2115,1,Shapiro,ELEV,Elevator Q Node 18 Floor 1,Elevator Q Floor 1,Team M,1,1223,1887,
GELEV00Q03,1628,2142,3,Shapiro,ELEV,Elevator Q Node 5 Floor 3,Elevator Q Floor 3,Team M,1,1235,1866,
GELEV00Q02,1628,2102,2,Shapiro,ELEV,Elevator Q Node 31a Floor 2,Elevator Q Floor 2,Team M,1,1233,1894,
FSERV00501,1645,1280,1,Tower,SERV,75 Lobby Valet Cashier,Valet Cashier,Team M,1,1548,1441,
DHALL00902,4635,680,2,15 Francis,HALL,Hallway 9 Floor 2,Hallway D0902,Team M,1,3955,1905,
EHALL03101,2790,1460,1,45 Francis,HALL,Hallway Node 29 Floor 1,HallE29,Team M,1,2320,1850,
DRETL00102,4270,480,2,15 Francis,RETL,Pat's Place Floor 2,Pat's Place,Team M,1,3765,1710,
WELEV00E02,3235,880,2,45 Francis,ELEV,Elevator E Floor 2,Elevator E2,Team M,1,2865,1609,
CHALL003L2,2215,905,L2,45 Francis,HALL,Hallway 3 Floor L2,Hallway C003L2,Team M,1,10628,7324,
FHALL01001,1627,802,1,Tower,HALL,Tower Hallway 3,Hallway F01001,Team M,1,1720,1181,
FHALL03301,2066,1282,1,Tower,HALL,Emergency Hallway,Hallway F03301,Team M,1,1849,1551,
CHALL003L1,2445,1285,L1,45 Francis,HALL,Hallway 3 Floor L1,Hallway C003L1,Team M,1,10736,8501,
GHALL011L2,1550,1966,L2,Shapiro,HALL,Hallway Node 11 Floor L2,,Team M,1,1252,1847,
GHALL00202,1168,1820,2,Shapiro,HALL,Hall Node 2 Floor 2,,Team M,1,1054,1598,
BHALL02502,3163,945,2,45 Francis,HALL,Hallway Intersection 25 Level 2,Hallway B2502,Team M,1,2790,1658,
GHALL00203,1580,2230,3,Shapiro,HALL,Hallway Node 2 Floor 3,,Team M,1,1179,1883,
WELEV00E01,3265,830,1,45 Francis,ELEV,Elevator E Floor 1,Elevator E1,Team M,1,2902,1634,
CCONF001L1,2255,850,L1,45 Francis,CONF,Anesthesia Conf Floor L1,Conf C001L1,Team M,1,10839,7082,
GHALL00201,1722,1832,1,Shapiro,HALL,Hallway Node 2 Floor 1,,Team M,1,1411,1763,
IREST00503,2277,995,3,45 Francis,REST,Restroom 5 - F wheelchair,R5,Team M,1,2117,1415,
HHALL00702,1740,1165,2,Tower,HALL,Hallway Connector 7 Floor 2,Hallway H00702,Team M,1,1662,1395,
CLABS003L1,2290,1285,L1,45 Francis,LABS,Nuclear Medicine Floor L1,Lab C003L1,Team M,1,10173,8298,
HHALL00703,1735,900,3,Tower,HALL,Hallway Connector 7 Floor 3,Hallway H00703,Team M,1,1778,1214,
GHALL03602,1580,2208,2,Shapiro,HALL,Hall Node 36 Floor 2,,Team M,1,1166,1932,
EDEPT00201,3100,890,1,45 Francis,DEPT,Wound and Ambulatory 1,WCCAT 1,Team M,1,2755,1630,
ESTAI00401,2605,1340,1,45 Francis,STAI,Staircase H2 Floor 1,Stair H2,Team M,1,2235,1735,
BHALL00102,2238,902,2,45 Francis,HALL,Hallway Intersection 1 Level 2,Hallway B0102,Team M,1,2121,1377,
EHALL02001,2950,745,1,45 Francis,HALL,Hallway Node 18 Floor 1,HallE18,Team M,1,2700,1515,
DHALL01902,4310,585,2,15 Francis,HALL,Hallway 19 Floor 3,Hallway D1902,Team M,1,3755,1765,
WHALL00702,1740,1500,2,Tower,HALL,Hallway Connector 7 Floor 2,Hallway W0702,Team M,1,1547,1556,
CHALL015L1,2300,850,L1,45 Francis,HALL,Hallway 15 Floor L1,Hallway C015L1,Team M,1,11001,7142,
FHALL02301,1845,1280,1,Tower,HALL,Lobby Hallway 1,Hallway F02301,Team M,1,1708,1502,
IHALL00803,2772,1147,3,45 Francis,HALL,Hallway Node 8,H8,Team M,1,2435,1640,
BHALL01202,2945,902,2,45 Francis,HALL,Hallway Intersection 12 Level 2,Hallway B1202,Team M,1,2647,1566,
BHALL03502,2246,1028,2,45 Francis,HALL,Hallway Intersection 35 Level 2,Hallway B3502,Team M,1,2085,1453,
GHALL01303,1580,2006,3,Shapiro,HALL,Hallway Node 13 Floor 3,,Team M,1,1248,1781,
GHALL01302,1450,1781,2,Shapiro,HALL,Hall Node 13 Floor 2,,Team M,1,1253,1636,
DINFO00102,4210,630,2,15 Francis,INFO,15 Francis Security Desk Floor 2,Information Desk,Team M,1,3670,1765,
DSTAI00302,4250,440,2,15 Francis,STAI,Staircase3 Floor2,Staircase3,Team M,1,3770,1680,
CCONF002L1,2665,1043,L1,45 Francis,CONF,Medical Records Conference Room Floor L1,Conf C002L1,Team M,1,11964,8139,
FSERV00401,1721,970,1,Tower,DEPT,Spiritual Care Office,SCO,Team M,1,1718,1306,
DDEPT00102,4330,700,2,15 Francis,DEPT,Chest Diseases Floor 2,Chest Diseases,Team M,1,3715,1840,
DHALL00802,4660,770,2,15 Francis,HALL,Hallway 8 Floor 2,Hallway D0802,Team M,1,3945,1965,
EHALL03201,2670,1380,1,45 Francis,HALL,Hallway Node 30 Floor 1,HallE30,Team M,1,2265,1780,
WELEV00F01,3050,980,1,45 Francis,ELEV,Elevator F Floor 1,Elevator F1,Team M,1,2690,1666,
IDEPT00103,2323,1328,3,45 Francis,DEPT,Center for Infertility and Reproductive Surgery,D1,Team M,1,2049,1607,
WELEV00F02,3075,960,2,45 Francis,ELEV,Elevator F Floor 2,Elevator F2,Team M,1,2723,1641,
CHALL004L1,2770,1070,L1,45 Francis,HALL,Hallway 4 Floor L1,Hallway C004L1,Team M,1,12290,8347,
CHALL004L2,2130,905,L2,45 Francis,HALL,Hallway 4 Floor L2,Hallway C004L2,Team M,1,10310,7204,
FHALL01101,1627,930,1,Tower,HALL,Tower Hallway 4,Hallway F01101,Team M,1,1676,1247,
GHALL00103,1562,2230,3,Shapiro,HALL,Hallway Node 1 Floor 3,,Team M,1,1157,1875,
GHALL010L2,1550,2032,L2,Shapiro,HALL,Hallway Node 10 Floor L2,,Team M,1,1232,1874,
GHALL02401,1602,1928,1,Shapiro,HALL,Hallway Node 24 Floor 1,,Team M,1,1282,1777,
GHALL00102,1170,1780,2,Shapiro,HALL,Hall Node 1 Floor 2,,Team M,1,1070,1570,
HSTAI00102,2060,880,2,Tower,STAI,Stairwell 1 Floor 2,Stairwell 0102,Team M,1,2000,1316,
HSTAI00103,1680,1275,3,Tower,STAI,Stairwell 1 Floor 3,Stairwell,Team M,1,1589,1398,
HHALL00802,1740,1230,2,Tower,HALL,Hallway Connector 8 Floor 2,Hallway H00802,Team M,1,1640,1423,
HHALL00803,1735,865,3,Tower,HALL,Hallway Connector 8 Floor 3,Hallway H00803,Team M,1,1786,1202,
DHALL05202,3525,840,2,15 Francis,HALL,Hallway 52 Floor 2,Hallway D5202,Team M,1,3075,1695,
WHALL00602,2105,1280,2,45 Francis,HALL,Hallway Connector 6 Floor 2,Hallway W0602,Team M,1,1930,1565,
EHALL02101,3230,880,1,45 Francis,HALL,Hallway Node 19 Floor 1,HallE19,Team M,1,2850,1665,
GDEPT01901,1567,2116,1,Shapiro,DEPT,Zinner Breakout Room Node 19 Floor 1,Zinner Breakout Room,Team M,1,1190,1877,
CHALL012L1,2130,905,L1,45 Francis,HALL,Hallway 12 Floor L1,Hallway C012L1,Team M,1,10285,7062,
CREST001L1,1732,1020,L1,Tower,REST,Restroom L Elevator Floor L1,Restroom C001L1,Team M,1,8611,6836,
FHALL02001,1700,1120,1,Tower,HALL,Tower Hallway 12,Hallway F02001,Team M,1,1652,1375,
BHALL01102,2912,903,2,45 Francis,HALL,Hallway Intersection 11 Level 2,Hallway B1102,Team M,1,2616,1557,
GHALL01602,1502,1820,2,Shapiro,HALL,Hall Node 16 Floor 2,,Team M,1,1270,1683,
IHALL00703,2772,1227,3,45 Francis,HALL,Hallway Node 7,H7,Team M,1,2408,1679,
GHALL01601,1689,2225,1,Shapiro,HALL,Hallway Node 16 Floor 1,,Team M,1,1244,1968,
GHALL002L1,1702,2167,L1,Shapiro,HALL,Hallway Node 2 Floor L1,,Team M,1,1293,1976,
BHALL03402,2166,1028,2,45 Francis,HALL,Hallway Intersection 34 Level 2,Hallway B3402,Team M,1,2026,1430,
CCONF003L1,2445,1245,L1,45 Francis,CONF,Abrams Conference Room,Conf C003L1,Team M,1,10809,8393,
DHALL04102,3870,540,2,15 Francis,HALL,Hallway 41 Floor 6,Hallway D4102,Team M,1,3440,1660,
FSERV00301,1700,1158,1,Tower,SERV,Kessler Library,Kessler Library,Team M,1,1641,1396,
CREST001L2,2300,885,L2,45 Francis,REST,Restroom K Elevator Floor L2,Restroom C001L2,Team M,1,10960,7378,
GDEPT00702,1341,1778,2,Shapiro,DEPT,Waiting room? Node 7 Floor 2,Waiting Area Shapiro Floor 2,Team M,1,1200,1619,
EHALL01001,2585,890,1,45 Francis,HALL,Hallway Node 8 Floor 1,HallE08,Team M,1,2380,1495,
EHALL03301,2605,1380,1,45 Francis,HALL,Hallway Node 31 Floor 1,HallE31,Team M,1,2215,1765,
WELEV00G02,2945,870,2,45 Francis,ELEV,Elevator G Floor 2,Elevator G2,Team M,1,2663,1534,
CHALL001L2,2360,855,L2,45 Francis,HALL,Hallway K Elevator Floor L2,Hallway C001L2,Team M,1,11218,7372,
WELEV00G01,2935,900,1,45 Francis,ELEV,Elevator G Floor 1,Elevator G1,Team M,1,2632,1596,
IDEPT00203,2448,1328,3,45 Francis,DEPT,Gynecology Oncology MIGS,D2,Team M,1,2139,1640,
CHALL001L1,1732,925,L1,Tower,HALL,Hallway 1 Floor L1,Hallway C001L1,Team M,1,8788,6579,
FHALL03101,2026,976,1,Tower,HALL,Lobby Hallway 6,Hallway F02801,Team M,1,1944,1385,
GHALL013L2,1512,1910,L2,Shapiro,HALL,Hallway Node 13 Floor L2,,Team M,1,1241,1818,
GHALL00402,1230,1820,2,Shapiro,HALL,Hall Node 4 Floor 2,,Team M,1,1089,1616,
GHALL02702,1726,1930,2,Shapiro,HALL,Hall Node 27 Floor 2,,Team M,1,1393,1793,
BHALL02302,2912,963,2,45 Francis,HALL,Hallway Intersection 23 Level 2,Hallway B2302,Team M,1,2592,1601,
IHALL01903,2492,851,3,45 Francis,HALL,Hallway Node 19,H19,Team M,1,2347,1400,
IREST00303,2745,1147,3,45 Francis,REST,Restroom 3,R3,Team M,1,2411,1628,
DELEV00D02,3475,760,2,15 Francis,ELEV,Elevator D Floor 2,Elevator D2,Team M,1,3080,1635,
PKIOS00102,4300,630,2,45 Francis,KIOS,Kiosk,KIOS P0102,Team M,1,3700,1765,
GSTAI008L1,1720,2131,L1,Shapiro,STAI,Stairs Node 8 Floor L1,L1 Stairs,Team M,1,1317,1967,
CLABS001L2,2300,855,L2,45 Francis,LABS,Radiation Oncology T/X Suite Floor L2,Lab C001L2,Team M,1,11027,7294,
WHALL00502,2085,1280,2,45 Francis,HALL,Hallway Connector 5 Floor 2,Hallway W0502,Team M,1,1912,1559,
HHALL00902,1740,1280,2,Tower,HALL,Hallway Connector 9 Floor 2,Hallway H00902,Team M,1,1621,1443,
CLABS001L1,1965,1285,L1,Tower,LABS,Outpatient Fluoroscopy Floor L1,Lab C001L1,Team M,1,8979,7868,
HHALL00903,1735,820,3,Tower,HALL,Hallway Connector 9 Floor 3,Hallway H00903,Team M,1,1801,1180,
DEXIT00102,4295,750,2,15 Francis,EXIT,15 Lobby Entrance Floor 2,15 Lobby Entrance,Team M,1,3680,1845,
DHALL05102,3555,730,2,15 Francis,HALL,Hallway 51 Floor 2,Hallway D5102,Team M,1,3160,1595,
EDEPT00401,2790,1380,1,45 Francis,DEPT,Rehabilitation Services Floor 1,Rehab 1,Team M,1,2350,1810,
HBATH00203,1750,985,3,Tower,BATH,Bathroom 2 Tower Floor 3,Bathroom 0203,Team M,1,1754,1274,
GHALL03802,1726,2210,2,Shapiro,HALL,Hall Node 38 Floor 2,,Team M,1,1285,1964,
EHALL02201,3270,875,1,45 Francis,HALL,Hallway Node 20 Floor 1,HallE20,Team M,1,2880,1675,
DSTAI00102,4650,675,2,15 Francis,STAI,Staircase1 Floor2,Staircase1,Team M,1,3965,1905,
CHALL013L1,2130,845,L1,45 Francis,HALL,Hallway 13 Floor L1,Hallway C013L1,Team M,1,10395,6902,
IHALL00603,2772,1290,3,45 Francis,HALL,Hallway Node 6,H6,Team M,1,2388,1705,
BHALL01002,2713,902,2,45 Francis,HALL,Hallway Intersection 10 Level 2,Hallway B1002,Team M,1,2475,1517,
BHALL03302,2782,1280,2,45 Francis,HALL,Hallway Intersection 33 Level 2,Hallway B3302,Team M,1,2384,1733,
ALABS00103,1611,2678,3,BTM,LABS,Innovation Hub,Innovation Hub,Team M,1,1079,2121,
FHALL02101,1769,1146,1,Tower,HALL,Tower Hallway Entrance,Tower Entrance 2,Team M,1,1694,1411,
GHALL01502,1502,1781,2,Shapiro,HALL,Hall Node 15 Floor 2,,Team M,1,1291,1649,
GHALL001L2,1730,1585,L2,Shapiro,HALL,Hallway Node 1 Floor L2,,Team M,1,1522,1685,
GHALL01501,1749,2224,1,Shapiro,HALL,Hallway Node 15 Floor 1,,Team M,1,1286,1985,
GEXIT00101,1748,1832,1,Shapiro,EXIT,Francis Street Exit Node 1 Floor 1,Francis Street Exit Floor 1,Team M,1,1421,1767,
GSTAI00903,1685,2052,3,Shapiro,STAI,Staircase Node 9 Floor 3,Floor 3 Stairs ,Team M,1,1302,1845,
GELEV00N03,1628,1904,3,Shapiro,ELEV,Elevator N Node 15 Floor 3,Elevator N Floor 3,Team M,1,1321,1734,
GELEV00N02,1630,1931,2,Shapiro,ELEV,Elevator N Node 25 Floor 2,Elevator N Floor 1,Team M,1,1320,1769,
GELEV00N01,1647,1930,1,Shapiro,ELEV,Elevator N Node 26 Floor 1,,Team M,1,1319,1789,
BCONF00102,2150,1025,2,45 Francis,CONF,Duncan Reid Conference Room,Conf B0102,Team M,1,2014,1423,
DHALL04002,3875,560,2,15 Francis,HALL,Hallway 40 Floor 5,Hallway D4002,Team M,1,3435,1670,
GREST01201,1671,2015,1,Shapiro,REST,Bathroom Node 12 Floor 1,Restroom Shapiro Floor 1,Team M,1,1306,1851,
FSERV00201,1605,1029,1,Tower,SERV,Tower Medical Cashier,Tower Cashier,Team M,1,1617,1298,
EHALL03401,2835,1460,1,45 Francis,HALL,Hallway Node 32 Floor 1,HallE32,Team M,1,2355,1865,
GREST01203,1628,2052,3,Shapiro,REST,Restroom Node 12 Floor 3,Restroom Shapiro Floor 3,Team M,1,1267,1817,
AHALL00103,1534,2732,3,BTM,HALL,Hall,Hall,Team M,1,1035,2133,
AHALL00101,1638,2553,1,BTM,HALL,Hall,Hall,Team M,1,1112,2120,
EHALL01101,2610,910,1,45 Francis,HALL,Hallway Node 9 Floor 1,HallE09,Team M,1,2390,1515,
AHALL00102,1591,2560,2,BTM,HALL,Hall,Hall,Team M,1,1105,2090,
WELEV00H01,2735,1070,1,45 Francis,ELEV,Elevator H Floor 1,Elevator H1,Team M,1,2427,1619,
WELEV00H02,2725,1065,2,45 Francis,ELEV,Elevator H Floor 2,Elevator H2,Team M,1,2416,1614,
CHALL002L1,2445,1043,L1,45 Francis,HALL,Hallway 2 Floor L1,Hallway C002L1,Team M,1,11175,7850,
CHALL002L2,2270,905,L2,45 Francis,HALL,Hallway 2 Floor L2,Hallway C002L2,Team M,1,10818,7396,
WELEV00H03,2715,1075,3,45 Francis,ELEV,Elevator H Floor 3,Elevator H3,Team M,1,2420,1565,
FHALL03201,1758,1029,1,Tower,HALL,Tower Hallway 13,Hallway F03201,Team M,1,1717,1357,
BHALL02202,2900,985,2,45 Francis,HALL,Hallway Intersection 22 Level 2,Hallway B2202,Team M,1,2575,1609,
GHALL00303,1580,2180,3,Shapiro,HALL,Hallway Node 3 Floor 3,,Team M,1,1188,1870,
GHALL012L2,1512,1967,L2,Shapiro,HALL,Hallway Node 12 Floor L2,,Team M,1,1226,1837,
IHALL01803,2362,851,3,45 Francis,HALL,Hallway Node 18,H18,Team M,1,2248,1364,
GHALL00301,1705,1831,1,Shapiro,HALL,Hallway Node 3 Floor 1,,Team M,1,1403,1761,
GHALL00302,1231,1781,2,Shapiro,HALL,Hall Node 3 Floor 2,,Team M,1,1111,1585,
IDEPT00303,2730,1315,3,45 Francis,DEPT,General Surgical Specialties Suite A,D3,Team M,1,2349,1712,
GCONF02001,1513,2116,1,Shapiro,CONF,Shapiro Board Room Node 20 Floor 1,Shapiro Board Room,Team M,1,1151,1860,
GHALL0301,1256,1858,1,Shapiro,HALL,Hallway Node 30 Floor 1,,Team M,1,1047,1647,
IREST00403,2300,1018,3,45 Francis,REST,Restroom 4 - M wheelchair,R4,Team M,1,2142,1434,
DHALL03102,4020,715,2,15 Francis,HALL,Hallway 31 Floor 5,Hallway D3102,Team M,1,3500,1765,
DHALL05402,3450,850,2,15 Francis,HALL,Hallway 54 Floor 2,Hallway D5402,Team M,1,3030,1685,
GHALL03301,1255,1872,1,Shapiro,HALL,Hallway Node 33 Floor 1,,Team M,1,1051,1661,
GHALL03302,1692,2124,2,Shapiro,HALL,Hall Node 33 Floor 2,,Team M,1,1267,1927,
BDEPT00502,2623,1018,2,45 Francis,DEPT,Ear Nose & Throat,DEPT B0502,Team M,1,2358,1553,
BHALL00602,2605,902,2,45 Francis,HALL,Hallway Intersection 6 Level 2,Hallway B0602,Team M,1,2390,1487,
CHALL007L2,1730,1010,L2,Tower,HALL,Hallway 7 Floor L2,Hallway C007L2,Team M,1,8182,6887,
EHALL02301,3325,870,1,45 Francis,HALL,Hallway Node 21 Floor 1,HallE21,Team M,1,2925,1680,
CHALL007L1,2130,1045,L1,Tower,HALL,Hallway 7 Floor L1,Hallway C007L1,Team M,1,10029,7439,
HHALL00202,1955,900,2,Tower,HALL,Hallway Connector 2 Floor 2,Hallway H00202,Team M,1,1920,1300,
HHALL00203,1235,985,3,Tower,HALL,Hallway Connector 2 Floor 3,Hallway H00203,Team M,1,1382,1132,
IHALL02003,2597,851,3,45 Francis,HALL,Hallway Node 20,H20,Team M,1,2422,1428,
BSTAI00702,2811,1165,2,45 Francis,STAI,Staircase Intersection 7 Level 2,Stair B0702,Team M,1,2451,1678,
DSTAI00602,3950,865,2,15 Francis,STAI,Staircase6 Floor2,Staircase6,Team M,1,3380,1835,
GHALL01003,1580,2070,3,Shapiro,HALL,Hallway Node 10 Floor 3,,Team M,1,1222,1813,
BHALL01702,2945,710,2,45 Francis,HALL,Hallway Intersection 17 Level 2,Hallway B1702,Team M,1,2707,1466,
BREST00202,2605,841,2,45 Francis,REST,Restroom 2 Level 2,REST B0202,Team M,1,2410,1454,
GHALL01002,1340,1820,2,Shapiro,HALL,Hall Node 10 Floor 2,,Team M,1,1183,1652,
GHALL01001,1673,2165,1,Shapiro,HALL,Hallway Node 10 Floor 1,,Team M,1,1250,1933,
DHALL02002,4295,530,2,15 Francis,HALL,Hallway 20 Floor 3,Hallway D2002,Team M,1,3760,1735,
DHALL04302,3860,725,2,15 Francis,HALL,Hallway 43 Floor 6,Hallway D4302,Team M,1,3385,1720,
ADEPT00101,1401,2628,1,BTM,DEPT,Neuroscience Waiting Room,Neuro Waiting Room,Team M,1,938,2132,
ADEPT00102,1395,2674,2,BTM,DEPT,Orthopedics and Rhemutalogy,Orthopedics and Rhemutalogy,Team M,1,932,2095,
DDEPT00402,3425,870,2,15 Francis,DEPT,Waiting Room Floor 2,Waiting Room,Team M,1,3000,1685,
EHALL01201,2610,955,1,45 Francis,HALL,Hallway Node 10 Floor 1,HallE10,Team M,1,2375,1535,
EHALL03501,2760,1460,1,45 Francis,HALL,Hallway Node 33 Floor 1,HallE33,Team M,1,2300,1845,
HHALL01303,1600,1030,3,Tower,HALL,Hallway Connector 13 Floor 3,Hallway H01303,Team M,1,1630,1257,
CREST003L1,2300,880,L1,45 Francis,REST,Restroom K Elevator Floor L1,Restroom C003L1,Team M,1,10947,7222,
XCONF20002,5,5,2,Shapiro,CONF,Longname~,shortname~,Team M,3,5,2,2018-04-17 11:30:37:0
EINFO00101,2460,850,1,45 Francis,INFO,Connor's Center Security Desk Floor 1,Security 1,Team M,1,2305,1440,
HLABS00103,1235,865,3,Tower,LABS,Reproductive Endocrine Labs,Reproductive Endocrine Labs,Team M,1,1412,1092,
GHALL02102,1683,1821,2,Shapiro,HALL,Hall Node 21 Floor 2,,Team M,1,1400,1723,
BHALL02902,2782,1091,2,45 Francis,HALL,Hallway Intersection 29 Level 2,Hallway B2902,Team M,1,2451,1637,
DELEV00B02,4155,650,2,15 Francis,ELEV,Elevator B Floor 2,Elevator B2,Team M,1,3625,1740,
GHALL02101,1600,1830,1,Shapiro,HALL,Hallway Node 21 Floor 1,,Team M,1,1313,1732,
DHALL03002,4130,650,2,15 Francis,HALL,Hallway 30 Floor 4,Hallway D3002,Team M,1,3590,1750,
GHALL03202,1684,2091,2,Shapiro,HALL,Hall Node 32 Floor 2,,Team M,1,1267,1906,
BDEPT00602,2782,1303,2,45 Francis,HALL,Hallway Intersection 31 Level 2,Hallway B3102,Team M,1,2377,1747,
BHALL00502,2385,902,2,45 Francis,HALL,Hallway Intersection 5 Level 2,Hallway B0502,Team M,1,2226,1428,
GELEV00QL1,1637,2116,L1,Shapiro,ELEV,Elevator Q Node 7 Floor L1,Elevator Q L1,Team M,1,1255,1935,
DHALL05302,3490,845,2,15 Francis,HALL,Hallway 53 Floor 2,Hallway D5302,Team M,1,3050,1685,
CHALL008L1,2215,1045,L1,45 Francis,HALL,Hallway 8 Floor L1,Hallway C008L1,Team M,1,10339,7552,
EHALL02401,2770,980,1,45 Francis,HALL,Hallway Node 22 Floor 1,HallE22,Team M,1,2475,1585,
CHALL008L2,1730,925,L2,Tower,HALL,Hallway 8 Floor L2,Hallway C008L2,Team M,1,8236,6523,
GELEV00QL2,1625,2089,L2,Shapiro,ELEV,Elevator Q Node 6 Floor L2,Elevator Q L2,Team M,1,1250,1930,
HHALL00302,2035,900,2,Tower,HALL,Hallway Connector 3 Floor 2,Hallway H00302,Team M,1,1972,1330,
BSTAI00802,2554,1316,2,45 Francis,STAI,Staircase Intersection 8 Level 2,Stair B0802,Team M,1,2206,1692,
HHALL00303,1325,985,3,Tower,HALL,Hallway Connector 3 Floor 3,Hallway H00303,Team M,1,1450,1158,
GRETL03501,1284,1884,1,Shapiro,REST,Random Room Node 35 Floor 1,Secret Room Floor 1,Team M,1,1070,1678,
WELEV00HL1,2715,1070,L1,45 Francis,ELEV,Elevator H Floor L1,Elevator HL1,Team M,1,2419,1648,
DSTAI00702,3855,565,2,15 Francis,STAI,Staircase7 Floor2,Staircase7,Team M,1,3430,1645,
BHALL01602,2721,750,2,45 Francis,HALL,Hallway Intersection 16 Level 2,Hallway B1602,Team M,1,2535,1430,
BREST00302,2225,1280,2,45 Francis,REST,Restroom 3 Level 2,REST B0302,Team M,1,1975,1585,
GEXIT001L1,1702,2260,L1,Shapiro,EXIT,Fenwood Road Exit Node 1 Floor L1,Fenwood Road Entrance/Exit L1,Team M,1,1261,2022,
EREST00301,2790,1190,1,45 Francis,REST,Restroom H1 Floor 1,Restroom H1,Team M,1,2430,1690,
DHALL04202,3865,750,2,15 Francis,HALL,Hallway 42 Floor 6,Hallway D4202,Team M,1,3380,1740,
EHALL01301,2660,955,1,45 Francis,HALL,Hallway Node 11 Floor 1,HallE11,Team M,1,1410,1550,
FHALL03001,1645,1246,1,Tower,HALL,Lobby Hallway 5,Hallway F02701,Team M,1,1564,1424,
EHALL03601,2760,1405,1,45 Francis,HALL,Hallway Node 34 Floor 1,HallE34,Team M,1,2320,1820,
CREST002L1,2065,1285,L1,Tower,REST,Restroom M Elevator Floor L1,Restroom C002L1,Team M,1,9348,8001,
CREST002L2,1930,1280,L2,45 Francis,REST,Restroom L Elevator Floor L2,Restroom C002L2,Team M,1,8980,7974,
HHALL01403,1735,1030,3,Tower,HALL,Hallway Connector 14 Floor 3,Hallway H01403,Team M,1,1728,1292,
ACONF00103,1648,2968,3,BTM,CONF,BTM Conference Center,BTM Conference,Team M,1,1029,2246,
ACONF00102,1580,2538,2,BTM,HALL,Hall,Hall,Team M,1,1106,2080,
WELEV00J03,2365,800,3,45 Francis,ELEV,Elevator J Floor 3,Elevator J3,Team M,1,2263,1335,
WELEV00J01,2385,810,1,45 Francis,ELEV,Elevator J Floor 1,Elevator J1,Team M,1,2262,1391,
PLABS00302,1000,1000,2,45 Francis,LABS,TEST NODE,LABS P0302,Team M,1,3100,1680,
WELEV00J02,2385,800,2,45 Francis,ELEV,Elevator J Floor 2,Elevator J2,Team M,1,2269,1367,
BHALL02802,3063,1043,2,45 Francis,HALL,Hallway Intersection 28 Level 2,Hallway B2802,Team M,1,2678,1654,
DELEV00C02,3955,885,2,15 Francis,ELEV,Elevator C Floor 2,Elevator C2,Team M,1,3380,1835,
GHALL02002,1684,1801,2,Shapiro,HALL,Hall Node 20 Floor 2,,Team M,1,1408,1708,
BDEPT00702,2945,775,2,45 Francis,DEPT,Plastic Surgery,DEPT B0702,Team M,1,2690,1510,
DHALL05602,3480,790,2,15 Francis,HALL,Hallway 56 Floor 2,Hallway D5602,Team M,1,3070,1660,
BHALL00402,2246,1280,2,45 Francis,HALL,Hallway Intersection 4 Level 2,Hallway B0402,Team M,1,1990,1591,
DHALL01002,4625,650,2,15 Francis,HALL,Hallway 10 Floor 2,Hallway D1002,Team M,1,3960,1890,
DHALL03302,3925,740,2,15 Francis,HALL,Hallway 33 Floor 5,Hallway D3302,Team M,1,3420,1755,
WELEV00L03,1790,925,3,Tower,ELEV,Elevator L Floor 3,Elevator L3,Team M,1,1804,1233,
EHALL02501,2925,980,1,45 Francis,HALL,Hallway Node 23 Floor 1,HallE23,Team M,1,2590,1640,
HHALL00402,1875,1025,2,Tower,HALL,Hallway Connector 4 Floor 2,Hallway H00402,Team M,1,1811,1342,
HHALL00403,1325,1290,3,Tower,HALL,Hallway Connector 4 Floor 3,Hallway H00403,Team M,1,1337,1325,
BINFO00102,2962,963,2,45 Francis,INFO,Information Desk Level 2,INFO B0102,Team M,1,2630,1614,
BSERV00102,2853,1067,2,45 Francis,SERV,Patient Financial Services,SERV B0102,Team M,1,2522,1643,
BSTAI00902,2190,1280,2,45 Francis,STAI,Staircase Intersection 9 Level 2,Stair B0902,Team M,1,1951,1576,
HSERV00103,1750,865,3,Tower,SERV,Nursing Room,Nursing Room,Team M,1,1812,1194,
BHALL01502,2672,820,2,45 Francis,HALL,Hallway Intersection 15 Level 2,Hallway B1502,Team M,1,2481,1455,
GHALL01202,1395,1820,2,Shapiro,HALL,Hall Node 12 Floor 2,,Team M,1,1209,1654,
BHALL03802,2279,786,2,45 Francis,HALL,Hallway Intersection 38 Level 2,Hallway B3802,Team M,1,2193,1323,
CLABS004L1,2320,1285,L1,45 Francis,LABS,Ultrasound Floor L1,Lab C004L1,Team M,1,10282,8338,
FHALL00901,1627,850,1,Tower,HALL,Tower Hallway 2,Hallway F00901,Team M,1,1700,1208,
DSTAI00402,4175,620,2,15 Francis,STAI,Staircase4 Floor2,Staircase4,Team M,1,3640,1760,
DHALL04502,3825,760,2,15 Francis,HALL,Hallway 45 Floor 6,Hallway D4502,Team M,1,3335,1735,
EREST00201,2985,980,1,45 Francis,REST,Restroom F1 Floor 1,Restroom F1,Team M,1,2640,1650,
DHALL02202,4270,440,2,15 Francis,HALL,Hallway 22 Floor 4,Hallway D2202,Team M,1,3775,1680,
ADEPT00301,986,2852,1,BTM,DEPT,CART Waiting,CART Waiting,Team M,1,594,2130,
FEXIT00101,2017,799,1,Tower,EXIT,Shattuck Street Lobby Exit,Shattuck St. Exit,Team M,1,1999,1284,
EHALL01401,2660,980,1,45 Francis,HALL,Hallway Node 12 Floor 1,HallE12,Team M,1,2400,1560,
DDEPT00202,4240,730,2,15 Francis,DEPT,Thoracic Surgery Clinic Floor 2,Thoracic Surgery Clinic,Team M,1,3655,1835,
HHALL01503,1735,985,3,Tower,HALL,Hallway Connector 15 Floor 3,Hallway H01503,Team M,1,1744,1269,
WELEV00K02,2240,965,2,45 Francis,ELEV,Elevator K Floor 2,Elevator K2,Team M,1,2099,1418,
WELEV00K03,2220,985,3,45 Francis,ELEV,Elevator K Floor 3,Elevator K3,Team M,1,2095,1394,
CHALL005L2,1745,1280,L2,Tower,HALL,Hallway 5 Floor L2,Hallway C005L2,Team M,1,8128,7789,
WELEV00K01,2240,985,1,45 Francis,ELEV,Elevator K Floor 1,Elevator K1,Team M,1,2093,1448,
CHALL005L1,1750,1285,L1,Tower,HALL,Hallway 5 Floor L1,Hallway C005L1,Team M,1,8181,7580,
DCONF00102,4595,550,2,15 Francis,CONF,Carrie M. Hall Conference Center Floor 2,Conference Center,Team M,1,3960,1825,
GHALL02302,1726,1835,2,Shapiro,HALL,Hall Node 23 Floor 2,,Team M,1,1424,1741,
BHALL02702,3296,1043,2,45 Francis,HALL,Hallway Intersection 27 Level 2,Hallway B2702,Team M,1,2867,1724,
DHALL05502,3440,800,2,15 Francis,HALL,Hallway 55 Floor 2,Hallway D5502,Team M,1,3035,1685,
BDEPT00802,3155,890,2,45 Francis,DEPT,Outpatient Pharmacy,DEPT B0802,Team M,1,2834,1627,
GHALL03401,1284,1872,1,Shapiro,HALL,Hallway Node 34 Floor 1,,Team M,1,1076,1666,
GHALL03402,1724,2123,2,Shapiro,HALL,Hall Node 34 Floor 2,,Team M,1,1290,1932,
BHALL00302,2238,1028,2,45 Francis,HALL,Hallway Intersection 3 Level 2,Hallway B0302,Team M,1,2078,1451,
DHALL03202,4000,645,2,15 Francis,HALL,Hallway 32 Floor 5,Hallway D3202,Team M,1,3510,1715,
CHALL006L2,1745,1010,L2,Tower,HALL,Hallway 6 Floor L2,Hallway C006L2,Team M,1,8274,6917,
BLABS00202,2945,995,2,45 Francis,LABS,Outpatient Specimen Collection,Labs B0202,Team M,1,2598,1618,
WELEV00M02,1825,1280,2,Tower,ELEV,Elevator M Floor 2,Elevator M2,Team M,1,1682,1458,
EHALL00301,2240,910,1,45 Francis,HALL,Hallway Node 1 Floor 1,Hall 01,Team M,1,2120,1410,
WELEV00M03,1815,1290,3,Tower,ELEV,Elevator M Floor 3,Elevator M3,Team M,1,1706,1440,
EHALL02601,3085,980,1,45 Francis,HALL,Hallway Node 24 Floor 1,HallE24,Team M,1,2715,1675,
WHALL00902,1690,2240,2,Shapiro,HALL,Hallway Connector 9 Floor 2,Hallway W0902,Team M,1,1256,1974,
HHALL00502,1825,1025,2,Tower,HALL,Hallway Connector 5 Floor 2,Hallway H00502,Team M,1,1770,1340,
HHALL00503,1680,1290,3,Tower,HALL,Hallway Connector 5 Floor 3,Hallway H00502,Team M,1,1571,1416,
GSTAI00501,1707,1992,1,Shapiro,STAI,Stairway Node 5 Floor 1,Northbound Stairs Floor 2,Team M,1,1348,1835,
BHALL01402,3296,880,2,45 Francis,HALL,Hallway Intersection 14 Level 2,Hallway B1402,Team M,1,2907,1652,
BHALL03702,2322,641,2,45 Francis,HALL,Hallway Intersection 37 Level 2,Hallway B3702,Team M,1,2288,1262,
GSTAI02802,1685,2041,2,Shapiro,STAI,Stairs Node 28 Floor 2,Floor 2 Stairs Lower,Team M,1,1322,1842,
DSTAI00502,4065,630,2,15 Francis,STAI,Staircase5 Floor2,Staircase5,Team M,1,3560,1720,
GHALL01103,1628,2070,3,Shapiro,HALL,Hallway Node 11 Floor 3,,Team M,1,1262,1826,
GHALL01102,1396,1781,2,Shapiro,HALL,Hall Node 11 Floor 2,,Team M,1,1225,1626,
BREST00102,2177,1010,2,45 Francis,REST,Restroom 1 Level 2,REST B0102,Team M,1,2034,1424,
CLABS005L1,2770,1285,L1,45 Francis,LABS,CSIR MRI Floor L1,Lab C005L1,Team M,1,11906,8923,
AEXIT001L2,1696,2788,L2,BTM,EXIT,Parking Garage L2,Parking Garage L2,Team M,1,1018,2271,
DHALL04402,3775,745,2,15 Francis,HALL,Hallway 44 Floor 6,Hallway D4402,Team M,1,3310,1705,
ADEPT00201,1720,2847,1,BTM,DEPT,MS Waiting,MS Waiting,Team M,1,1080,2261,
EREST00101,2950,730,1,45 Francis,REST,Restroom G1 Floor 1,Restroom G1,Team M,1,2700,1505,
GREST03102,1628,2092,2,Shapiro,REST,Restroom Node 31 Floor 2,Handicap Accessible Restrooms Shapiro Floor 2,Team M,1,1232,1893,
DHALL02102,4280,475,2,15 Francis,HALL,Hallway 21 Floor 4,Hallway D2102,Team M,1,3765,1705,
DDEPT00302,3900,640,2,15 Francis,DEPT,Brigham Health Floor 2,Brigham Health,Team M,1,3440,1660,
WELEV00JL1,2360,800,L1,45 Francis,ELEV,Elevator J Floor L1,Elevator JL1,Team M,1,2268,1409,
GDEPT00403,1580,2142,3,Shapiro,DEPT,Brigham Circle Medical Associates Node 4 Floor 3,Brigham Circle Medical Associates,Team M,1,1202,1851,
WELEV00JL2,2360,805,L2,45 Francis,ELEV,Elevator J Floor L2,Elevator JL2,Team M,1,2264,1435,
EHALL01501,2675,910,1,45 Francis,HALL,Hallway Node 13 Floor 1,HallE13,Team M,1,2435,1530,
CREST004L1,2770,1160,L1,45 Francis,REST,Restroom H Elevator Floor L1,Restroom C004L1,Team M,1,12129,8588,
DELEV00A02,4550,375,2,15 Francis,ELEV,Elevator A Floor 2,Elevator A2,Team M,1,4030,1705,
WELEV00L01,1810,930,1,Tower,ELEV,Elevator L Floor 1,Elevator L1,Team M,1,1806,1290,
WELEV00L02,1805,925,2,Tower,ELEV,Elevator L Floor 2,Elevator L2,Team M,1,1804,1261,
CHALL006L1,2130,1285,L1,Tower,HALL,Hallway 6 Floor L1,Hallway C006L1,Team M,1,9587,8087,
BHALL02602,3296,945,2,45 Francis,HALL,Hallway Intersection 26 Level 2,Hallway B2602,Team M,1,2884,1690,
GHALL02202,1720,1801,2,Shapiro,HALL,Hall Node 22 Floor 2,,Team M,1,1430,1716,
GHALL02201,1601,1866,1,Shapiro,HALL,Hallway Node 22 Floor 1,,Team M,1,1300,1752,
ARETL00101,1619,2522,1,BTM,RETL,Cafe,Cafe,Team M,1,1126,2105,
