node_id,x_coord,y_coord,floor,building,node_type,long_name,short_name,team_assigned,x_coord_3d,y_coord_3d
ACONF00102,1580,2538,2,BTM,HALL,Hall,Hall,Team A,1106,2080
ACONF00103,1648,2968,3,BTM,CONF,BTM Conference Center,BTM Conference,Team A,1029,2246
ADEPT00101,1401,2628,1,BTM,DEPT,Neuroscience Waiting Room,Neuro Waiting Room,Team A,938,2132
ADEPT00102,1395,2674,2,BTM,DEPT,Orthopedics and Rhemutalogy,Orthopedics and Rhemutalogy,Team A,932,2095
ADEPT00201,1720,2847,1,BTM,DEPT,MS Waiting,MS Waiting,Team A,1080,2261
ADEPT00301,986,2852,1,BTM,DEPT,CART Waiting,CART Waiting,Team A,594,2130
AELEV00S01,1534,2777,1,BTM,ELEV,Elevator S 01,Elevator S 1,Team A,987,2187
AELEV00S02,1532,2777,2,BTM,ELEV,Elevator S 02,Elevator S 2,Team A,1001,2162
AELEV00S03,1539,2773,3,BTM,ELEV,Elevator S,Elevator S 3,Team A,1014,2150
AELEV00SL2,1630,2742,L2,BTM,ELEV,Elevator S L2,Elevator S L2,Team A,988,2231
AEXIT001L2,1696,2788,L2,BTM,EXIT,Parking Garage L2,Parking Garage L2,Team A,1018,2271
AHALL00101,1638,2553,1,BTM,HALL,Hall,Hall,Team A,1112,2120
AHALL00102,1591,2560,2,BTM,HALL,Hall,Hall,Team A,1105,2090
AHALL00103,1534,2732,3,BTM,HALL,Hall,Hall,Team A,1035,2133
AHALL001L2,1627,2782,L2,BTM,HALL,Hallway to Elevator,Hall,Team A,972,2251
AHALL00201,1608,2596,1,BTM,HALL,Hall,Hall,Team A,1088,2140
AHALL00202,1590,2604,2,BTM,HALL,Hall,Hall,Team A,1095,2107
AHALL00203,1600,2732,3,BTM,HALL,Hall,Hall,Team A,1068,2145
AHALL002L2,1698,2776,L2,BTM,HALL,Hallway Intersection,Hall,Team A,1022,2265
AHALL00301,1608,2737,1,BTM,HALL,Hall,Hall,Team A,1043,2200
AHALL00302,1590,2745,2,BTM,HALL,Hall,Hall,Team A,1034,2187
AHALL00303,1650,2732,3,BTM,HALL,Hall,Hall,Team A,1100,2155
AHALL003L2,1701,2734,L2,BTM,HALL,Hall,Hall,Team A,1036,2245
AHALL00401,1420,2737,1,BTM,HALL,Hall,Hall,Team A,954,2154
AHALL00402,1528,2745,2,BTM,HALL,Hall,Hall,Team A,1013,2153
AHALL00403,1650,2766,3,BTM,HALL,Hall,Hall,Team A,1089,2174
AHALL004L2,1698,2687,L2,BTM,HALL,Hall,Hall,Team A,1052,2223
AHALL00501,1420,2865,1,BTM,HALL,Hall,Hall,Team A,901,2239
AHALL00502,1398,2745,2,BTM,HALL,Hall,Hall,Team A,904,2117
AHALL00503,1650,2855,3,BTM,HALL,Hall,Hall,Team A,1049,2214
AHALL00601,1678,2865,1,BTM,HALL,Hall,Hall,Team A,1042,2293
AHALL00602,1683,2543,2,BTM,HALL,Hall,Hall,Team A,1164,2094
AHALL00603,1580,2858,3,BTM,HALL,HallNode,HallNode,Team A,1013,2205
AHALL00701,1017,2865,1,BTM,HALL,Hall,Hall,Team A,611,2142
AHALL00801,1532,2739,1,BTM,HALL,Hall,Hall,Team A,991,2179
AHALL00901,1581,2566,1,BTM,HALL,Hall,Hall,Team A,1074,2135
AHALL01001,1605,2568,1,BTM,HALL,Hall,Hall,Team A,736,2000
AINFO001L2,1681,2747,L2,BTM,INFO,BTM Security Desk,Security,Team A,1022,2245
ALABS00103,1611,2678,3,BTM,LABS,Innovation Hub,Innovation Hub,Team A,1079,2121
ALABS001L2,1667,2682,L2,BTM,LABS,MRI/CT Scan Imaging,MRI/CT Imaging,Team A,1029,2217
ALABS00203,1671,2695,3,BTM,LABS,Clinical Trials,Clinical Trials,Team A,1117,2142
AREST00101,1556,2604,1,BTM,REST,S elevator,Restroom,Team A,1032,2119
AREST00103,1552,2854,3,BTM,REST,BTM conference center,Restroom,Team A,1000,2198
ARETL00101,1619,2522,1,BTM,RETL,Cafe,Cafe,Team A,1126,2105
ASTAI00101,1642,2596,1,BTM,STAI,Cafe Stairs,Cafe Staris,Team A,1104,2144
ASTAI00102,1650,2602,2,BTM,STAI,Stairs Floor 2, Floor 2,Team A,1125,2120
BCONF00102,2150,1025,2,45 Francis,CONF,Duncan Reid Conference Room,Conf B0102,Team B,2014,1423
BHALL03802,2279,786,2,45 Francis,HALL,Hallway Intersection 38 Level 2,Hallway B3802,Team B,2193,1323
BDEPT00202,2166,1039,2,45 Francis,DEPT,Oral Medicine and Dentistry,DEPT B0202,Team B,2013,1435
BDEPT00302,2385,753,2,45 Francis,DEPT,Lee Bell Breast Center,DEPT B0302,Team B,2293,1320
BDEPT00402,2439,902,2,45 Francis,DEPT,Jen Center for Primary Care,DEPT B0402,Team B,2266,1442
BDEPT00502,2623,1018,2,45 Francis,DEPT,Ear Nose & Throat,DEPT B0502,Team B,2358,1553
BDEPT00602,2782,1303,2,45 Francis,HALL,Hallway Intersection 31 Level 2,Hallway B3102,Team B,2377,1747
BDEPT00702,2945,775,2,45 Francis,DEPT,Plastic Surgery,DEPT B0702,Team B,2690,1510
BDEPT00802,3155,890,2,45 Francis,DEPT,Outpatient Pharmacy,DEPT B0802,Team B,2834,1627
BDEPT00902,3257,879,2,45 Francis,DEPT,Weiner Center for Preoperative Evaluation,DEPT B0902,Team B,2900,1649
BHALL00102,2238,902,2,45 Francis,HALL,Hallway Intersection 1 Level 2,Hallway B0102,Team B,2121,1377
BHALL00202,2279,902,2,45 Francis,HALL,Hallway Intersection 2 Level 2,Hallway B0202,Team B,2153,1387
BHALL00302,2238,1028,2,45 Francis,HALL,Hallway Intersection 3 Level 2,Hallway B0302,Team B,2078,1451
BHALL00402,2246,1280,2,45 Francis,HALL,Hallway Intersection 4 Level 2,Hallway B0402,Team B,1990,1591
BHALL00502,2385,902,2,45 Francis,HALL,Hallway Intersection 5 Level 2,Hallway B0502,Team B,2226,1428
BHALL00602,2605,902,2,45 Francis,HALL,Hallway Intersection 6 Level 2,Hallway B0602,Team B,2390,1487
BHALL00702,2672,902,2,45 Francis,HALL,Hallway Intersection 7 Level 2,Hallway B0702,Team B,2448,1507
BHALL00802,2605,783,2,45 Francis,HALL,Hallway Intersection 8 Level 2,Hallway B0802,Team B,2430,1419
BHALL00902,2330,590,2,45 Francis,HALL,Hallway Intersection 9 Level 2,Hallway B0902,Team B,2341,1180
BHALL01002,2713,902,2,45 Francis,HALL,Hallway Intersection 10 Level 2,Hallway B1002,Team B,2475,1517
BHALL01102,2912,903,2,45 Francis,HALL,Hallway Intersection 11 Level 2,Hallway B1102,Team B,2616,1557
BHALL01202,2945,902,2,45 Francis,HALL,Hallway Intersection 12 Level 2,Hallway B1202,Team B,2647,1566
BHALL01302,3135,890,2,45 Francis,HALL,Hallway Intersection 13 Level 2,Hallway B1302,Team B,2795,1615
BHALL01402,3296,880,2,45 Francis,HALL,Hallway Intersection 14 Level 2,Hallway B1402,Team B,2907,1652
BHALL01502,2672,820,2,45 Francis,HALL,Hallway Intersection 15 Level 2,Hallway B1502,Team B,2481,1455
BHALL01602,2721,750,2,45 Francis,HALL,Hallway Intersection 16 Level 2,Hallway B1602,Team B,2535,1430
BHALL01702,2945,710,2,45 Francis,HALL,Hallway Intersection 17 Level 2,Hallway B1702,Team B,2707,1466
BHALL01802,2610,953,2,45 Francis,HALL,Hallway Intersection 18 Level 2,Hallway B1802,Team B,2373,1519
BHALL01902,2678,1032,2,45 Francis,HALL,Hallway Intersection 19 Level 2,Hallway B1902,Team B,2409,1577
BHALL02002,2761,1032,2,45 Francis,HALL,Hallway Intersection 20 Level 2,Hallway B2002,Team B,2458,1593
BHALL02102,2841,1032,2,45 Francis,HALL,Hallway Intersection 21 Level 2,Hallway B2102,Team B,2511,1611
BHALL02202,2900,985,2,45 Francis,HALL,Hallway Intersection 22 Level 2,Hallway B2202,Team B,2575,1609
BHALL02302,2912,963,2,45 Francis,HALL,Hallway Intersection 23 Level 2,Hallway B2302,Team B,2592,1601
BHALL02502,3163,945,2,45 Francis,HALL,Hallway Intersection 25 Level 2,Hallway B2502,Team B,2790,1658
BHALL02602,3296,945,2,45 Francis,HALL,Hallway Intersection 26 Level 2,Hallway B2602,Team B,2884,1690
BHALL02702,3296,1043,2,45 Francis,HALL,Hallway Intersection 27 Level 2,Hallway B2702,Team B,2867,1724
BHALL02802,3063,1043,2,45 Francis,HALL,Hallway Intersection 28 Level 2,Hallway B2802,Team B,2678,1654
BHALL02902,2782,1091,2,45 Francis,HALL,Hallway Intersection 29 Level 2,Hallway B2902,Team B,2451,1637
BHALL03002,2782,1165,2,45 Francis,HALL,Hallway Intersection 30 Level 2,Hallway B3002,Team B,2428,1670
BHALL03102,2554,1280,2,45 Francis,HALL,Hallway Intersection 31 Level 2,Hallway B3102,Team B,2216,1673
BHALL03202,2554,1472,2,45 Francis,HALL,Hallway Intersection 32 Level 2,Hallway B3202,Team B,2140,1781
BINFO00102,2962,963,2,45 Francis,INFO,Information Desk Level 2,INFO B0102,Team B,2630,1614
BINFO00202,3136,963,2,45 Francis,INFO,Valet Service Level 2,INFO B0202,Team B,2756,1651
BLABS00102,2246,1350,2,45 Francis,LABS,Vascular Diagnostic Lab,Labs B0102,Team B,1958,1641
BLABS00202,2945,995,2,45 Francis,LABS,Outpatient Specimen Collection,Labs B0202,Team B,2598,1618
BREST00102,2177,1010,2,45 Francis,REST,Restroom 1 Level 2,REST B0102,Team B,2034,1424
BREST00202,2605,841,2,45 Francis,REST,Restroom 2 Level 2,REST B0202,Team B,2410,1454
BREST00302,2225,1280,2,45 Francis,REST,Restroom 3 Level 2,REST B0302,Team B,1975,1585
BREST00402,2554,1389,2,45 Francis,REST,Restroom 4 Level 2,REST B0402,Team B,2181,1728
BREST00502,2782,1152,2,45 Francis,REST,Restroom 5 Level 2,REST B0502,Team B,2434,1661
BSERV00102,2853,1067,2,45 Francis,SERV,Patient Financial Services,SERV B0102,Team B,2522,1643
BSTAI00102,2177,902,2,45 Francis,STAI,Staircase Intersection 1 Level 2,Stair B0102,Team B,2066,1358
BSTAI00202,2279,827,2,45 Francis,STAI,Staircase Intersection 2 Level 2,Stair B0202,Team B,2169,1365
BSTAI00302,2554,783,2,45 Francis,STAI,Staircase Intersection 3 Level 2,Stair B0302,Team B,2395,1406
BSTAI00502,2945,840,2,45 Francis,STAI,Staircase Intersection 5 Level 2,Stair B0502,Team B,2661,1537
BSTAI00602,3217,886,2,45 Francis,STAI,Staircase Intersection 6 Level 2,Stair B0602,Team B,2850,1636
BSTAI00702,2811,1165,2,45 Francis,STAI,Staircase Intersection 7 Level 2,Stair B0702,Team B,2451,1678
BSTAI00802,2554,1316,2,45 Francis,STAI,Staircase Intersection 8 Level 2,Stair B0802,Team B,2206,1692
BSTAI00902,2190,1280,2,45 Francis,STAI,Staircase Intersection 9 Level 2,Stair B0902,Team B,1951,1576
BSTAI01002,2238,932,2,45 Francis,STAI,Staircase Intersection 10 Level 2,Stair B1002,Team B,2110,1403
BHALL03302,2782,1280,2,45 Francis,HALL,Hallway Intersection 33 Level 2,Hallway B3302,Team B,2384,1733
BHALL03402,2166,1028,2,45 Francis,HALL,Hallway Intersection 34 Level 2,Hallway B3402,Team B,2026,1430
BHALL03502,2246,1028,2,45 Francis,HALL,Hallway Intersection 35 Level 2,Hallway B3502,Team B,2085,1453
BDEPT00102,2260,786,2,45 Francis,DEPT,Comprehensive Breast Heath,DEPT B0102,Team B,2186,1322
BHALL03602,2279,762,2,45 Francis,HALL,Hallway Intersection 36 Level 2,Hallway B3602,Team B,2200,1315
BHALL03702,2322,641,2,45 Francis,HALL,Hallway Intersection 37 Level 2,Hallway B3702,Team B,2288,1262
BHALL04102,2678,1067,2,45 Francis,HALL,Hallway Intersection 41 Level 2,Hallway B04102,Team B,2401,1595
BHALL04202,2761,1067,2,45 Francis,HALL,Hallway Intersection 42 Level 2,Hallway B04202,Team B,2440,1632
BHALL04302,2782,1067,2,45 Francis,HALL,Hallway Intersection 43 level 2,Hallway B04302,Team B,2451,1637
BHALL04402,3063,963,2,45 Francis,HALL,Hallway Intersection 44 Level 2,Hallway B4402,Team B,2694,1632
CCONF001L1,2255,850,L1,45 Francis,CONF,Anesthesia Conf Floor L1,Conf C001L1,Team C,2168,1416
CCONF002L1,2665,1043,L1,45 Francis,CONF,Medical Records Conference Room Floor L1,Conf C002L1,Team C,2393,1628
CCONF003L1,2445,1245,L1,45 Francis,CONF,Abrams Conference Room,Conf C003L1,Team C,2162,1679
CDEPT002L1,1980,845,L1,Tower,DEPT,Day Surgery Family Waiting Floor L1,Department C002L1,Team C,1970,1340
CDEPT003L1,1845,845,L1,Tower,DEPT,Day Surgery Family Waiting Exit Floor L1,Department C003L1,Team C,1871,1303
CDEPT004L1,2310,1043,L1,45 Francis,DEPT,Medical Records Film Library Floor L1,Department C004L1,Team C,2137,1534
CHALL001L1,1732,925,L1,Tower,HALL,Hallway 1 Floor L1,Hallway C001L1,Team C,1758,1316
CHALL001L2,2360,855,L2,45 Francis,HALL,Hallway K Elevator Floor L2,Hallway C001L2,Team C,2244,1474
CHALL002L1,2445,1043,L1,45 Francis,HALL,Hallway 2 Floor L1,Hallway C002L1,Team C,2235,1570
CHALL002L2,2270,905,L2,45 Francis,HALL,Hallway 2 Floor L2,Hallway C002L2,Team C,2164,1479
CHALL003L1,2445,1285,L1,45 Francis,HALL,Hallway 3 Floor L1,Hallway C003L1,Team C,2147,1700
CHALL003L2,2215,905,L2,45 Francis,HALL,Hallway 3 Floor L2,Hallway C003L2,Team C,2126,1465
CHALL004L1,2770,1070,L1,45 Francis,HALL,Hallway 4 Floor L1,Hallway C004L1,Team C,2458,1669
CHALL004L2,2130,905,L2,45 Francis,HALL,Hallway 4 Floor L2,Hallway C004L2,Team C,2062,1441
CHALL005L1,1750,1285,L1,Tower,HALL,Hallway 5 Floor L1,Hallway C005L1,Team C,1636,1516
CHALL005L2,1745,1280,L2,Tower,HALL,Hallway 5 Floor L2,Hallway C005L2,Team C,1626,1558
CHALL006L1,2130,1285,L1,Tower,HALL,Hallway 6 Floor L1,Hallway C006L1,Team C,1917,1617
CHALL006L2,1745,1010,L2,Tower,HALL,Hallway 6 Floor L2,Hallway C006L2,Team C,1655,1383
CHALL007L1,2130,1045,L1,Tower,HALL,Hallway 7 Floor L1,Hallway C007L1,Team C,2006,1488
CHALL007L2,1730,1010,L2,Tower,HALL,Hallway 7 Floor L2,Hallway C007L2,Team C,1636,1377
CHALL008L1,2215,1045,L1,45 Francis,HALL,Hallway 8 Floor L1,Hallway C008L1,Team C,2068,1510
CHALL008L2,1730,925,L2,Tower,HALL,Hallway 8 Floor L2,Hallway C008L2,Team C,1647,1305
CHALL009L1,2220,905,L1,45 Francis,HALL,Hallway 9 Floor L1,Hallway C009L1,Team C,2122,1437
CHALL009L2,1730,850,L2,Tower,HALL,Hallway 9 Floor L2,Hallway C009L2,Team C,1658,1231
CHALL010L1,2265,905,L1,45 Francis,HALL,Hallway 10 Floor L1,Hallway C010L1,Team C,2155,1449
CHALL010L2,2130,850,L2,Tower,HALL,Hallway 10 Floor L2,Hallway C010L2,Team C,2084,1405
CHALL011L1,2360,850,L1,45 Francis,HALL,Hallway 11 Floor L1,Hallway C011L1,Team C,2243,1444
CHALL012L1,2130,905,L1,45 Francis,HALL,Hallway 12 Floor L1,Hallway C012L1,Team C,2057,1412
CHALL013L1,2130,845,L1,45 Francis,HALL,Hallway 13 Floor L1,Hallway C013L1,Team C,2079,1380
CHALL014L1,1845,925,L1,Tower,HALL,Hallway 14 Floor L1,Hallway C014L1,Team C,1841,1346
CHALL015L1,2300,850,L1,45 Francis,HALL,Hallway 15 Floor L1,Hallway C015L1,Team C,2200,1428
CLABS001L1,1965,1285,L1,Tower,LABS,Outpatient Fluoroscopy Floor L1,Lab C001L1,Team C,1796,1574
CLABS001L2,2300,855,L2,45 Francis,LABS,Radiation Oncology T/X Suite Floor L2,Lab C001L2,Team C,2205,1459
CLABS002L1,1750,1090,L1,Tower,LABS,Pre-Op PACU Floor L1,Lab C002L1,Team C,1709,1410
CLABS002L2,2215,1280,L2,45 Francis,LABS,Radiation Oncology Floor L2,Lab C002L2,Team C,2003,1640
CLABS003L1,2290,1285,L1,45 Francis,LABS,Nuclear Medicine Floor L1,Lab C003L1,Team C,2035,1660
CLABS004L1,2320,1285,L1,45 Francis,LABS,Ultrasound Floor L1,Lab C004L1,Team C,2056,1668
CLABS005L1,2770,1285,L1,45 Francis,LABS,CSIR MRI Floor L1,Lab C005L1,Team C,2381,1785
CREST001L1,1732,1020,L1,Tower,REST,Restroom L Elevator Floor L1,Restroom C001L1,Team C,1722,1367
CREST001L2,2300,885,L2,45 Francis,REST,Restroom K Elevator Floor L2,Restroom C001L2,Team C,2192,1476
CREST002L1,2065,1285,L1,Tower,REST,Restroom M Elevator Floor L1,Restroom C002L1,Team C,1870,1600
CREST002L2,1930,1280,L2,45 Francis,REST,Restroom L Elevator Floor L2,Restroom C002L2,Team C,1796,1595
CREST003L1,2300,880,L1,45 Francis,REST,Restroom K Elevator Floor L1,Restroom C003L1,Team C,2189,1444
CREST004L1,2770,1160,L1,45 Francis,REST,Restroom H Elevator Floor L1,Restroom C004L1,Team C,2426,1718
CRETL001L1,2185,905,L1,45 Francis,RETL,Vending Machine 1 L1,Retail C001L1,Team C,2097,1427
CSERV001L1,2490,1043,L1,45 Francis,SERV,Volunteers Floor L1,Service C001L1,Team C,2267,1582
CSERV001L2,2015,1280,L2,45 Francis,SERV,Interpreter Services Floor L2,Service C001L2,Team C,1864,1609
DELEV00A02,4550,375,2,15 Francis,ELEV,Elevator A Floor 2,Elevator A2,Team D,4030,1705
DELEV00B02,4155,650,2,15 Francis,ELEV,Elevator B Floor 2,Elevator B2,Team D,3625,1740
DELEV00C02,3955,885,2,15 Francis,ELEV,Elevator C Floor 2,Elevator C2,Team D,3380,1835
DELEV00D02,3475,760,2,15 Francis,ELEV,Elevator D Floor 2,Elevator D2,Team D,3080,1635
DREST00102,4125,625,2,15 Francis,REST,Restroom B elevator Floor 2,Restroom B,Team D,3600,1740
DREST00202,3895,695,2,15 Francis,REST,Restroom C elevator Floor 2,Restroom C,Team D,3400,1725
DREST00302,3635,830,2,15 Francis,REST,Restroom C-D elevator Floor 2,Restroom C-D,Team D,3170,1730
DREST00402,3525,850,2,15 Francis,REST,Restroom D elevator Floor 2,Restroom D,Team D,3070,1710
DINFO00102,4210,630,2,15 Francis,INFO,15 Francis Security Desk Floor 2,Information Desk,Team D,3670,1765
DINFO00202,3490,825,2,15 Francis,INFO,Security Desk Thorn Floor 2,Security Desk,Team D,3050,1675
DDEPT00102,4330,700,2,15 Francis,DEPT,Chest Diseases Floor 2,Chest Diseases,Team D,3715,1840
DDEPT00202,4240,730,2,15 Francis,DEPT,Thoracic Surgery Clinic Floor 2,Thoracic Surgery Clinic,Team D,3655,1835
DDEPT00302,3900,640,2,15 Francis,DEPT,Brigham Health Floor 2,Brigham Health,Team D,3440,1660
DDEPT00402,3425,870,2,15 Francis,DEPT,Waiting Room Floor 2,Waiting Room,Team D,3000,1685
DLABS00102,3830,775,2,15 Francis,LABS,MRI Associates Floor 2,MRI Associates,Team D,3330,1745
DCONF00102,4595,550,2,15 Francis,CONF,Carrie M. Hall Conference Center Floor 2,Conference Center,Team D,3960,1825
DRETL00102,4270,480,2,15 Francis,RETL,Pat's Place Floor 2,Pat's Place,Team D,3765,1710
DEXIT00102,4295,750,2,15 Francis,EXIT,15 Lobby Entrance Floor 2,15 Lobby Entrance,Team D,3680,1845
DSTAI00102,4650,675,2,15 Francis,STAI,Staircase1 Floor2,Staircase1,Team D,3965,1905
DSTAI00202,4330,580,2,15 Francis,STAI,Staircase2 Floor2,Staircase2,Team D,3770,1760
DSTAI00302,4250,440,2,15 Francis,STAI,Staircase3 Floor2,Staircase3,Team D,3770,1680
DSTAI00402,4175,620,2,15 Francis,STAI,Staircase4 Floor2,Staircase4,Team D,3640,1760
DSTAI00502,4065,630,2,15 Francis,STAI,Staircase5 Floor2,Staircase5,Team D,3560,1720
DSTAI00602,3950,865,2,15 Francis,STAI,Staircase6 Floor2,Staircase6,Team D,3380,1835
DSTAI00702,3855,565,2,15 Francis,STAI,Staircase7 Floor2,Staircase7,Team D,3430,1645
DSTAI00802,3535,645,2,15 Francis,STAI,Staircase8 Floor2,Staircase8,Team D,3175,1585
DHALL00102,4770,1140,2,15 Francis,HALL,Hallway 1 Floor 2,Hallway D0102,Team D,3890,2175
DHALL00202,4750,1080,2,15 Francis,HALL,Hallway 2 Floor 2,Hallway D0202,Team D,3895,2155
DHALL00302,4725,995,2,15 Francis,HALL,Hallway 3 Floor 2,Hallway D0302,Team D,3910,2105
DHALL00402,4785,975,2,15 Francis,HALL,Hallway 4 Floor 2,Hallway D0402,Team D,3945,2105
DHALL00502,4705,925,2,15 Francis,HALL,Hallway 5 Floor 2,Hallway D0502,Team D,3920,2060
DHALL00602,4690,870,2,15 Francis,HALL,Hallway 6 Floor 2,Hallway D0602,Team D,3930,2025
DHALL00702,4675,820,2,15 Francis,HALL,Hallway 7 Floor 2,Hallway D0702,Team D,3935,1995
DHALL00802,4660,770,2,15 Francis,HALL,Hallway 8 Floor 2,Hallway D0802,Team D,3945,1965
DHALL00902,4635,680,2,15 Francis,HALL,Hallway 9 Floor 2,Hallway D0902,Team D,3955,1905
DHALL01002,4625,650,2,15 Francis,HALL,Hallway 10 Floor 2,Hallway D1002,Team D,3960,1890
DHALL01102,4605,655,2,15 Francis,HALL,Hallway 11 Floor 3,Hallway D1102,Team D,3935,1885
DHALL01202,4570,555,2,15 Francis,HALL,Hallway 12 Floor 3,Hallway D1202,Team D,3950,1825
DHALL01302,4545,460,2,15 Francis,HALL,Hallway 13 Floor 3,Hallway D1302,Team D,3965,1775
DHALL01402,4570,455,2,15 Francis,HALL,Hallway 14 Floor 3,Hallway D1402,Team D,3990,1775
DHALL01502,4480,580,2,15 Francis,HALL,Hallway 15 Floor 3,Hallway D1502,Team D,3890,1815
DHALL01602,4390,605,2,15 Francis,HALL,Hallway 16 Floor 3,Hallway D1602,Team D,3835,1805
DHALL01702,4385,585,2,15 Francis,HALL,Hallway 17 Floor 3,Hallway D1702,Team D,3835,1790
DHALL01802,4340,625,2,15 Francis,HALL,Hallway 18 Floor 3,Hallway D1802,Team D,3755,1780
DHALL01902,4310,585,2,15 Francis,HALL,Hallway 19 Floor 3,Hallway D1902,Team D,3755,1765
DHALL02002,4295,530,2,15 Francis,HALL,Hallway 20 Floor 3,Hallway D2002,Team D,3760,1735
DHALL02102,4280,475,2,15 Francis,HALL,Hallway 21 Floor 4,Hallway D2102,Team D,3765,1705
DHALL02202,4270,440,2,15 Francis,HALL,Hallway 22 Floor 4,Hallway D2202,Team D,3775,1680
DHALL02302,4280,435,2,15 Francis,HALL,Hallway 23 Floor 4,Hallway D2302,Team D,3785,1685
DHALL02402,4295,475,2,15 Francis,HALL,Hallway 24 Floor 4,Hallway D2402,Team D,3780,1700
DHALL02502,4285,715,2,15 Francis,HALL,Hallway 25 Floor 4,Hallway D2502,Team D,3685,1835
DHALL02602,4270,650,2,15 Francis,HALL,Hallway 26 Floor 4,Hallway D2602,Team D,3695,1790
DHALL02702,4220,660,2,15 Francis,HALL,Hallway 27 Floor 4,Hallway D2702,Team D,3670,1790
DHALL02802,4185,665,2,15 Francis,HALL,Hallway 28 Floor 4,Hallway D2802,Team D,3610,1775
DHALL02902,4140,680,2,15 Francis,HALL,Hallway 29 Floor 4,Hallway D2902,Team D,3590,1775
DHALL03002,4130,650,2,15 Francis,HALL,Hallway 30 Floor 4,Hallway D3002,Team D,3590,1750
DHALL03102,4020,715,2,15 Francis,HALL,Hallway 31 Floor 5,Hallway D3102,Team D,3500,1765
DHALL03202,4000,645,2,15 Francis,HALL,Hallway 32 Floor 5,Hallway D3202,Team D,3510,1715
DHALL03302,3925,740,2,15 Francis,HALL,Hallway 33 Floor 5,Hallway D3302,Team D,3420,1755
DHALL03402,3945,790,2,15 Francis,HALL,Hallway 34 Floor 5,Hallway D3402,Team D,3410,1780
DHALL03502,3955,830,2,15 Francis,HALL,Hallway 35 Floor 5,Hallway D3502,Team D,3405,1810
DHALL03602,3965,860,2,15 Francis,HALL,Hallway 36 Floor 5,Hallway D3602,Team D,3400,1830
DHALL03702,3970,880,2,15 Francis,HALL,Hallway 37 Floor 5,Hallway D3702,Team D,3395,1845
DHALL03802,3980,910,2,15 Francis,HALL,Hallway 38 Floor 5,Hallway D3802,Team D,3390,1870
DHALL03902,3910,685,2,15 Francis,HALL,Hallway 39 Floor 5,Hallway D3902,Team D,3420,1745
DHALL04002,3875,560,2,15 Francis,HALL,Hallway 40 Floor 5,Hallway D4002,Team D,3435,1670
DHALL04102,3870,540,2,15 Francis,HALL,Hallway 41 Floor 6,Hallway D4102,Team D,3440,1660
DHALL04202,3865,750,2,15 Francis,HALL,Hallway 42 Floor 6,Hallway D4202,Team D,3380,1740
DHALL04302,3860,725,2,15 Francis,HALL,Hallway 43 Floor 6,Hallway D4302,Team D,3385,1720
DHALL04402,3775,745,2,15 Francis,HALL,Hallway 44 Floor 6,Hallway D4402,Team D,3310,1705
DHALL04502,3825,760,2,15 Francis,HALL,Hallway 45 Floor 6,Hallway D4502,Team D,3335,1735
DHALL04602,3745,780,2,15 Francis,HALL,Hallway 46 Floor 6,Hallway D4602,Team D,3260,1720
DHALL04702,3655,805,2,15 Francis,HALL,Hallway 47 Floor 6,Hallway D4702,Team D,3185,1715
DHALL04802,3645,775,2,15 Francis,HALL,Hallway 48 Floor 2,Hallway D4802,Team D,3200,1680
DHALL04902,3630,810,2,15 Francis,HALL,Hallway 49 Floor 2,Hallway D4902,Team D,3170,1710
DHALL05002,3575,825,2,15 Francis,HALL,Hallway 50 Floor 2,Hallway D5002,Team D,3130,1700
DHALL05102,3555,730,2,15 Francis,HALL,Hallway 51 Floor 2,Hallway D5102,Team D,3160,1595
DHALL05202,3525,840,2,15 Francis,HALL,Hallway 52 Floor 2,Hallway D5202,Team D,3075,1695
DHALL05302,3490,845,2,15 Francis,HALL,Hallway 53 Floor 2,Hallway D5302,Team D,3050,1685
DHALL05402,3450,850,2,15 Francis,HALL,Hallway 54 Floor 2,Hallway D5402,Team D,3030,1685
DHALL05502,3440,800,2,15 Francis,HALL,Hallway 55 Floor 2,Hallway D5502,Team D,3035,1685
DHALL05602,3480,790,2,15 Francis,HALL,Hallway 56 Floor 2,Hallway D5602,Team D,3070,1660
DHALL05702,3510,790,2,15 Francis,HALL,Hallway 57 Floor 2,Hallway D5702,Team D,3090,1660
DHALL05802,3420,850,2,15 Francis,HALL,Hallway 58 Floor 2,Hallway D5802,Team D,3005,1680
PKIOS00102,4300,630,2,45 Francis,KIOS,Kiosk,KIOS P0102,Team P,3700,1765
PLABS00302,1000,1000,2,45 Francis,LABS,TEST NODE,LABS P0302,Team P,3100,1680
ESTAI00101,2190,910,1,45 Francis,STAI,Staircase K1 Floor 1,Stair K1,Team E,2080,1390
EHALL00301,2240,910,1,45 Francis,HALL,Hallway Node 1 Floor 1,Hall 01,Team E,2120,1410
EHALL00401,2275,910,1,45 Francis,HALL,Hallway Node 2 Floor 1,HallE02,Team E,2150,1420
ESTAI00201,2275,830,1,45 Francis,STAI,Staircase J1 Floor 1,Stair J1,Team E,2175,1375
EEXIT00101,2275,785,1,45 Francis,EXIT,Ambulance Parking Exit Floor 1,AmbExit 1,Team E,2195,1355
EHALL00501,2290,910,1,45 Francis,HALL,Hallway Node 3 Floor 1,HallE03,Team E,2155,1425
EHALL00601,2385,910,1,45 Francis,HALL,Hallway Node 4 Floor 1,HallE04,Team E,2225,1450
EHALL00701,2385,860,1,45 Francis,HALL,Hallway Node 5 Floor 1,HallE05,Team E,2245,1425
EDEPT00101,2335,860,1,45 Francis,DEPT,Waiting Room 1 Floor 1,Wait 1,Team E,2205,1410
EHALL00801,2460,910,1,45 Francis,HALL,Hallway Node 6 Floor 1,HallE06,Team E,2285,1470
EINFO00101,2460,850,1,45 Francis,INFO,Connor's Center Security Desk Floor 1,Security 1,Team E,2305,1440
EHALL00901,2585,910,1,45 Francis,HALL,Hallway Node 7 Floor 1,HallE07,Team E,2375,1505
EHALL01001,2585,890,1,45 Francis,HALL,Hallway Node 8 Floor 1,HallE08,Team E,2380,1495
EHALL01101,2610,910,1,45 Francis,HALL,Hallway Node 9 Floor 1,HallE09,Team E,2390,1515
EHALL01201,2610,955,1,45 Francis,HALL,Hallway Node 10 Floor 1,HallE10,Team E,2375,1535
EHALL01301,2660,955,1,45 Francis,HALL,Hallway Node 11 Floor 1,HallE11,Team E,1410,1550
EHALL01401,2660,980,1,45 Francis,HALL,Hallway Node 12 Floor 1,HallE12,Team E,2400,1560
EHALL01501,2675,910,1,45 Francis,HALL,Hallway Node 13 Floor 1,HallE13,Team E,2435,1530
EHALL01601,2910,910,1,45 Francis,HALL,Hallway Node 14 Floor 1,HallE14,Team E,2605,1590
EHALL01701,2910,890,1,45 Francis,HALL,Hallway Node 15 Floor 1,HallE15,Team E,2610,1585
EHALL01801,2925,910,1,45 Francis,HALL,Hallway Node 16 Floor 1,HallE16,Team E,2620,1595
EHALL01901,2960,900,1,45 Francis,HALL,Hallway Node 17 Floor 1,HallE17,Team E,2645,1600
EHALL02001,2950,745,1,45 Francis,HALL,Hallway Node 18 Floor 1,HallE18,Team E,2700,1515
EREST00101,2950,730,1,45 Francis,REST,Restroom G1 Floor 1,Restroom G1,Team E,2700,1505
EEXIT00201,2950,705,1,45 Francis,EXIT,Exit 2 Floor 1,Exit 2,Team E,2710,1495
ELABS00101,3050,730,1,45 Francis,LABS,Asthma Research Floor 1,Asthma 1,Team E,2780,1535
EDEPT00201,3100,890,1,45 Francis,DEPT,Wound and Ambulatory 1,WCCAT 1,Team E,2755,1630
EDEPT00301,3200,880,1,45 Francis,DEPT,Ocupational Health Floor 1,Ocupational 1,Team E,2835,1655
EHALL02101,3230,880,1,45 Francis,HALL,Hallway Node 19 Floor 1,HallE19,Team E,2850,1665
EHALL02201,3270,875,1,45 Francis,HALL,Hallway Node 20 Floor 1,HallE20,Team E,2880,1675
EHALL02301,3325,870,1,45 Francis,HALL,Hallway Node 21 Floor 1,HallE21,Team E,2925,1680
EHALL02401,2770,980,1,45 Francis,HALL,Hallway Node 22 Floor 1,HallE22,Team E,2475,1585
EHALL02501,2925,980,1,45 Francis,HALL,Hallway Node 23 Floor 1,HallE23,Team E,2590,1640
EREST00201,2985,980,1,45 Francis,REST,Restroom F1 Floor 1,Restroom F1,Team E,2640,1650
EHALL02601,3085,980,1,45 Francis,HALL,Hallway Node 24 Floor 1,HallE24,Team E,2715,1675
EHALL02701,3085,1000,1,45 Francis,HALL,Hallway Node 25 Floor 1,HallE25,Team E,2705,1685
EHALL02801,2925,1050,1,45 Francis,HALL,Hallway Node 26 Floor 1,HallE26,Team E,2555,1670
EHALL02901,2770,1070,1,45 Francis,HALL,Hallway Node 27 Floor 1,HallE27,Team E,2450,1640
EHALL03001,2790,1070,1,45 Francis,HALL,Hallway Node 28 Floor 1,HallE28,Team E,2465,1645
ESTAI00301,2790,1155,1,45 Francis,STAI,Staircase H1 Floor 1,Stair H1,Team E,2440,1690
EREST00301,2790,1190,1,45 Francis,REST,Restroom H1 Floor 1,Restroom H1,Team E,2430,1690
ELABS00201,2790,1290,1,45 Francis,LABS,Ambulatory X-Ray Floor 1,X-Ray 1,Team E,2385,1760
EDEPT00401,2790,1380,1,45 Francis,DEPT,Rehabilitation Services Floor 1,Rehab 1,Team E,2350,1810
EHALL03101,2790,1460,1,45 Francis,HALL,Hallway Node 29 Floor 1,HallE29,Team E,2320,1850
EHALL03201,2670,1380,1,45 Francis,HALL,Hallway Node 30 Floor 1,HallE30,Team E,2265,1780
EHALL03301,2605,1380,1,45 Francis,HALL,Hallway Node 31 Floor 1,HallE31,Team E,2215,1765
ESTAI00401,2605,1340,1,45 Francis,STAI,Staircase H2 Floor 1,Stair H2,Team E,2235,1735
EHALL03401,2835,1460,1,45 Francis,HALL,Hallway Node 32 Floor 1,HallE32,Team E,2355,1865
EHALL03501,2760,1460,1,45 Francis,HALL,Hallway Node 33 Floor 1,HallE33,Team E,2300,1845
EHALL03601,2760,1405,1,45 Francis,HALL,Hallway Node 34 Floor 1,HallE34,Team E,2320,1820
FHALL00101,2055,910,1,Tower,HALL,Lower Pike Hallway Exit Lobby,Hallway F00101,Team F,1970,1352
FHALL00201,2026,910,1,Tower,HALL,Lobby Shattuck Street,Hallway F00201,Team F,1961,1352
FSTAI00101,2026,892,1,Tower,STAI,Lobby Shattuck Street Stairs,Stairway F00101,Team F,1972,1342
FHALL00301,2017,910,1,Tower,HALL,Shattuck Street Lobby 1,Hallway F00301,Team F,1955,1347
FEXIT00101,2017,799,1,Tower,EXIT,Shattuck Street Lobby Exit,Shattuck St. Exit,Team F,1999,1284
FHALL00401,1973,910,1,Tower,HALL,Shattuck Street Lobby 2,Hallway F00401,Team F,1928,1337
FRETL00101,1973,844,1,Tower,RETL,Lobby Vending Machine,VM Lobby,Team F,1947,1300
FHALL00501,1950,910,1,Tower,HALL,Shattuck Street Lobby 3,Hallway F00501,Team F,1913,1330
FSERV00101,1950,871,1,Tower,SERV,Shattuck Street Lobby ATM,Lobby ATM,Team F,1926,1304
FHALL00601,1869,930,1,Tower,HALL,Tower Lobby Entrance 1,Tower Entrance,Team F,1847,1311
FHALL00701,1758,930,1,Tower,HALL,Tower Elevator Entrance,Hallway F00701,Team F,1766,1283
FHALL00801,1758,850,1,Tower,HALL,Tower Hallway 1,Hallway F00801,Team F,1790,1242
FHALL01301,1627,825,1,Tower,HALL,Tower Hallway 5,Hallway F01301,Team F,1710,1194
FHALL00901,1627,850,1,Tower,HALL,Tower Hallway 2,Hallway F00901,Team F,1700,1208
FHALL01001,1627,802,1,Tower,HALL,Tower Hallway 3,Hallway F01001,Team F,1720,1181
FSTAI00201,1673,802,1,Tower,STAI,Tower Stairway 1,Tower Stairs 1,Team F,1749,1194
FHALL01101,1627,930,1,Tower,HALL,Tower Hallway 4,Hallway F01101,Team F,1676,1247
FHALL01201,1548,930,1,Tower,HALL,Tower Staff Entrance,Hallway F01201,Team F,1617,1226
FDEPT00101,1617,825,1,Tower,DEPT,Center for International Medicine,CIM,Team F,1699,1193
FSERV00401,1721,970,1,Tower,DEPT,Spiritual Care Office,SCO,Team F,1718,1306
FHALL01401,1627,1029,1,Tower,HALL,Tower Hallway 6,Hallway F01401,Team F,1635,1303
FSERV00201,1605,1029,1,Tower,SERV,Tower Medical Cashier,Tower Cashier,Team F,1617,1298
FHALL01501,1627,1060,1,Tower,HALL,Tower Hallway 7,Hallway F01501,Team F,1619,1325
FHALL01601,1758,1060,1,Tower,HALL,Tower Hallway 8,Hallway F01601,Team F,1718,1361
FHALL01701,1721,956,1,Tower,HALL,Tower Hallway 9,Hallway F01701,Team F,1728,1295
FDEPT00301,1721,931,1,Tower,DEPT,Multifaith Chapel,Chapel,Team F,1735,1280
FHALL01801,1758,956,1,Tower,HALL,Tower Hallway 10,Hallway F01801,Team F,1754,1301
FHALL01901,1758,1120,1,Tower,HALL,Tower Hallway 11,Hallway F01901,Team F,1697,1388
FHALL02001,1700,1120,1,Tower,HALL,Tower Hallway 12,Hallway F02001,Team F,1652,1375
FDEPT00201,1610,1120,1,Tower,DEPT,Bretholtz Center for Patients and Families,Bretholtz WR,Team F,1587,1343
FSERV00301,1700,1158,1,Tower,SERV,Kessler Library,Kessler Library,Team F,1641,1396
FHALL02101,1769,1146,1,Tower,HALL,Tower Hallway Entrance,Tower Entrance 2,Team F,1694,1411
FDEPT00401,1794,1146,1,Tower,DEPT,Sharf Admitting Center,Sharf Center,Team F,1712,1418
FHALL02201,1769,1280,1,Tower,HALL,Hallway Lobby Entrance,Entrance Hallway,Team F,1658,1471
FLABS00101,1845,1250,1,Tower,LABS,Obstetrics Admitting,Obs Admitting,Team F,1719,1483
FHALL02301,1845,1280,1,Tower,HALL,Lobby Hallway 1,Hallway F02301,Team F,1708,1502
FHALL02401,1965,1280,1,Tower,HALL,Lobby Hallway 2,Hallway F02401,Team F,1787,1525
FHALL02501,1965,1239,1,Tower,HALL,Lobby Hallway 3,Hallway F02501,Team F,1799,1503
FSTAI00301,1947,1239,1,Tower,STAI,Lobby Escalator,Lobby Escalator,Team F,1785,1497
FHALL02601,2026,1239,1,Tower,HALL,Lobby Hallway 4,Hallway F02601,Team F,1847,1527
FHALL02701,2066,1239,1,Tower,HALL,Lobby Hallway 7,Hallway F02701,Team F,1874,1538
FDEPT00501,2128,1300,1,Tower,DEPT,Emergency Department,Emergency,Team F,1906,1610
FHALL02801,1748,1280,1,Tower,HALL,Lobby Entrance Hallway,HallwayF02801,Team F,1630,1463
FEXIT00201,1748,1321,1,Tower,EXIT,75 Francis Valet Drop-off,75 Francis Exit,Team F,1615,1496
FHALL02901,1700,1280,1,Tower,HALL,75 Lobby,75 Lobby,Team F,1594,1456
FINFO00101,1700,1226,1,Tower,INFO,75 Lobby Information Desk,Lobby Info Desk,Team F,1619,1432
FSERV00501,1645,1280,1,Tower,SERV,75 Lobby Valet Cashier,Valet Cashier,Team F,1548,1441
FHALL03001,1645,1246,1,Tower,HALL,Lobby Hallway 5,Hallway F02701,Team F,1564,1424
FRETL00201,1609,1246,1,Tower,RETL,Au Bon Pain,ABP,Team F,1546,1416
FHALL03101,2026,976,1,Tower,HALL,Lobby Hallway 6,Hallway F02801,Team F,1944,1385
FREST00101,2091,976,1,Tower,REST,Bathroom 75 Lobby,Bathroom Lobby,Team F,1976,1399
FEXIT00301,2099,1357,1,Tower,EXIT,Emergency Department Entrance,Emergency Entrance,Team F,1873,1633
FHALL03201,1758,1029,1,Tower,HALL,Tower Hallway 13,Hallway F03201,Team F,1717,1357
FDEPT00601,1780,1029,1,Tower,DEPT,International Patient Center,IPC,Team F,1745,1344
FHALL03301,2066,1282,1,Tower,HALL,Emergency Hallway,Hallway F03301,Team F,1849,1551
GCONF02001,1493,2117,1,Shapiro,CONF,Shapiro Board Room MapNode 20 Floor 1,Shapiro Board Room,Team G,1140,1859
GDEPT01901,1566,2139,1,Shapiro,DEPT,Zinner Breakout Room MapNode 19 Floor 1,Zinner Breakout Room,Team G,1183,1892
GELEV00N01,1647,1930,1,Shapiro,ELEV,Elevator N MapNode 26 Floor 1,,Team G,1319,1798
GELEV00Q01,1648,2161,1,Shapiro,ELEV,Elevator Q MapNode 18 Floor 1,Elevator Q Floor 1,Team G,1234,1925
GEXIT00101,1751,1825,1,Shapiro,EXIT,Francis Street Exit MapNode 1 Floor 1,Francis Street Exit Floor 1,Team G,1435,1774
GHALL00201,1722,1832,1,Shapiro,HALL,Hallway MapNode 2 Floor 1,,Team G,1414,1768
GHALL00301,1705,1831,1,Shapiro,HALL,Hallway MapNode 3 Floor 1,,Team G,1394,1760
GHALL00601,1707,2015,1,Shapiro,HALL,Hallway MapNode 6 Floor 1,,Team G,1330,1863
GHALL00701,1708,2092,1,Shapiro,HALL,Hallway MapNode 7 Floor 1,,Team G,1305,1903
GHALL00801,1707,2152,1,Shapiro,HALL,Hallway MapNode 8 Floor 1,,Team G,1278,1944
GHALL00901,1707,2164,1,Shapiro,HALL,Hallway MapNode 9 Floor 1,,Team G,1274,1949
GHALL01001,1673,2165,1,Shapiro,HALL,Hallway MapNode 10 Floor 1,,Team G,1251,1933
GHALL01401,1749,2151,1,Shapiro,HALL,Hallway MapNode 14 Floor 1,,Team G,1313,1947
GHALL01501,1749,2224,1,Shapiro,HALL,Hallway MapNode 15 Floor 1,,Team G,1291,1986
GHALL01601,1689,2225,1,Shapiro,HALL,Hallway MapNode 16 Floor 1,,Team G,1241,1969
GHALL01701,1605,2093,1,Shapiro,HALL,Hallway MapNode 17 Floor 1,,Team G,1237,1876
GHALL02101,1600,1830,1,Shapiro,HALL,Hallway MapNode 21 Floor 1,,Team G,1324,1730
GHALL02201,1601,1866,1,Shapiro,HALL,Hallway MapNode 22 Floor 1,,Team G,1307,1755
GHALL02401,1602,1928,1,Shapiro,HALL,Hallway MapNode 24 Floor 1,,Team G,1288,1786
GHALL02801,1270,1830,1,Shapiro,HALL,Hallway MapNode 28 Floor 1,,Team G,1087,1647
GHALL02901,1262,1850,1,Shapiro,HALL,Hallway MapNode 29 Floor 1,,Team G,1069,1652
GHALL0301,1256,1858,1,Shapiro,HALL,Hallway MapNode 30 Floor 1,,Team G,1060,1657
GHALL03101,1227,1859,1,Shapiro,HALL,Hallway MapNode 31 Floor 1,,Team G,1041,1649
GHALL03301,1255,1872,1,Shapiro,HALL,Hallway MapNode 33 Floor 1,,Team G,1056,1664
GHALL03401,1284,1872,1,Shapiro,HALL,Hallway MapNode 34 Floor 1,,Team G,1075,1672
GREST01201,1671,2015,1,Shapiro,REST,Bathroom MapNode 12 Floor 1,Restroom Shapiro Floor 1,Team G,1309,1855
GRETL03501,1284,1884,1,Shapiro,REST,Random Room MapNode 35 Floor 1,Secret Room Floor 1,Team G,1072,1678
GSERV02301,1600,1895,1,Shapiro,SERV,ATM MapNode 23 Floor 1,ATM Floor 1,Team G,1293,1777
GSTAI00501,1707,1992,1,Shapiro,STAI,Stairway MapNode 5 Floor 1,Northbound Stairs Floor 2,Team G,1337,1849
GSTAI01301,1750,2014,1,Shapiro,STAI,Staircase MapNode 13 Floor 1,Southbound Stairs Floor 1,Team G,1361,1877
GDEPT00702,1341,1778,2,Shapiro,DEPT,Waiting room? Node 7 Floor 2,Waiting Area Shapiro Floor 2,Team G,1174,1614
GDEPT02402,1578,1932,2,Shapiro,DEPT,Watkins A Node 24 Floor 2 Floor 2,Watkins A,Team G,1286,1749
GDEPT03502,1580,2166,2,Shapiro,DEPT,Watkins B Node 35 Floor 2,Watkins B,Team G,1173,1915
GELEV00N02,1630,1931,2,Shapiro,ELEV,Elevator N Node 25 Floor 2,Elevator N Floor 1,Team G,1314,1762
GELEV00Q02,1628,2102,2,Shapiro,ELEV,Elevator Q Node 31a Floor 2,Elevator Q Floor 2,Team G,1225,1899
GHALL00102,1170,1780,2,Shapiro,HALL,Hall Node 1 Floor 2,,Team G,1082,1579
GHALL00202,1168,1820,2,Shapiro,HALL,Hall Node 2 Floor 2,,Team G,1069,1598
GHALL00302,1231,1781,2,Shapiro,HALL,Hall Node 3 Floor 2,,Team G,1107,1589
GHALL00402,1230,1820,2,Shapiro,HALL,Hall Node 4 Floor 2,,Team G,1095,1608
GHALL00502,1283,1781,2,Shapiro,HALL,Hall Node 5 Floor 2,,Team G,1140,1601
GHALL01002,1340,1820,2,Shapiro,HALL,Hall Node 10 Floor 2,,Team G,1163,1634
GHALL01102,1396,1781,2,Shapiro,HALL,Hall Node 11 Floor 2,,Team G,1207,1626
GHALL01202,1395,1820,2,Shapiro,HALL,Hall Node 12 Floor 2,,Team G,1196,1645
GHALL01302,1450,1781,2,Shapiro,HALL,Hall Node 13 Floor 2,,Team G,1236,1637
GHALL01402,1450,1820,2,Shapiro,HALL,Hall Node 14 Floor 2,,Team G,1226,1658
GHALL01502,1502,1781,2,Shapiro,HALL,Hall Node 15 Floor 2,,Team G,1270,1650
GHALL01602,1502,1820,2,Shapiro,HALL,Hall Node 16 Floor 2,,Team G,1258,1669
GHALL01702,1578,1820,2,Shapiro,HALL,Hall Node 17 (Exit?) Floor 2,,Team G,1322,1695
GHALL01802,1630,1801,2,Shapiro,HALL,Hall Node 18 Floor 2,,Team G,1360,1692
GHALL02002,1684,1801,2,Shapiro,HALL,Hall Node 20 Floor 2,,Team G,1407,1711
GHALL02102,1683,1821,2,Shapiro,HALL,Hall Node 21 Floor 2,,Team G,1400,1726
GHALL02202,1720,1801,2,Shapiro,HALL,Hall Node 22 Floor 2,,Team G,1433,1723
GHALL02302,1726,1835,2,Shapiro,HALL,Hall Node 23 Floor 2,,Team G,1420,1752
GHALL02702,1726,1930,2,Shapiro,HALL,Hall Node 27 Floor 2,,Team G,1389,1795
GHALL02902,1728,2042,2,Shapiro,HALL,Hall Node 29 Floor 2,,Team G,1340,1865
GHALL03002,1580,2090,2,Shapiro,HALL,Hall Node 30 Floor 2,,Team G,1200,1879
GHALL03202,1684,2091,2,Shapiro,HALL,Hall Node 32 Floor 2,,Team G,1275,1909
GHALL03302,1692,2124,2,Shapiro,HALL,Hall Node 33 Floor 2,,Team G,1267,1931
GHALL03402,1724,2123,2,Shapiro,HALL,Hall Node 34 Floor 2,,Team G,1291,1940
GHALL03602,1580,2208,2,Shapiro,HALL,Hall Node 36 Floor 2,,Team G,1162,1930
GHALL03702,1692,2211,2,Shapiro,HALL,Hall Node 37 Floor 2,,Team G,1253,1955
GHALL03802,1726,2210,2,Shapiro,HALL,Hall Node 38 Floor 2,,Team G,1281,1967
GINFO01902,1630,1821,2,Shapiro,INFO,Info Node 19 Floor 2,Information Center Shapiro Floor 2,Team G,1350,1708
GREST00602,1284,1821,2,Shapiro,REST,Restroom Node 6 Floor 2,Restroom 1 Shapiro Floor 2,Team G,1133,1624
GREST03102,1628,2092,2,Shapiro,REST,Restroom Node 31 Floor 2,Handicap Accessible Restrooms Shapiro Floor 2,Team G,1233,1889
GSTAI02602,1686,1931,2,Shapiro,STAI,Stairs Node 26 Floor 2,Floor 2 Stairs Upper,Team G,1362,1785
GSTAI02802,1685,2041,2,Shapiro,STAI,Stairs Node 28 Floor 2,Floor 2 Stairs Lower,Team G,1317,1852
GDEPT00403,1580,2142,3,Shapiro,DEPT,Brigham Circle Medical Associates Node 4 Floor 3,Brigham Circle Medical Associates,Team G,1199,1852
GDEPT01403,1580,1904,3,Shapiro,DEPT,Watkins Clinic C Node 14 Floor 3,Watkins Clinic C,Team G,1276,1728
GELEV00N03,1628,1904,3,Shapiro,ELEV,Elevator N Node 15 Floor 3,Elevator N Floor 3,Team G,1316,1738
GELEV00Q03,1628,2142,3,Shapiro,ELEV,Elevator Q Node 5 Floor 3,Elevator Q Floor 3,Team G,1232,1865
GHALL00103,1562,2230,3,Shapiro,HALL,Hallway Node 1 Floor 3,,Team G,1173,1879
GHALL00203,1580,2230,3,Shapiro,HALL,Hallway Node 2 Floor 3,,Team G,1181,1883
GHALL00303,1580,2180,3,Shapiro,HALL,Hallway Node 3 Floor 3,,Team G,1190,1866
GHALL00603,1685,2142,3,Shapiro,HALL,Hallway Node 6 Floor 3,,Team G,1271,1882
GHALL00703,1685,2230,3,Shapiro,HALL,Hallway Node 7 Floor 3,,Team G,1251,1914
GHALL00803,1685,2106,3,Shapiro,HALL,Hallway Node 8 Floor 3,,Team G,1284,1863
GHALL01003,1580,2070,3,Shapiro,HALL,Hallway Node 10 Floor 3,,Team G,1217,1823
GHALL01103,1628,2070,3,Shapiro,HALL,Hallway Node 11 Floor 3,,Team G,1253,1836
GHALL01303,1580,2006,3,Shapiro,HALL,Hallway Node 13 Floor 3,,Team G,1241,1787
GREST01203,1628,2052,3,Shapiro,REST,Restroom Node 12 Floor 3,Restroom Shapiro Floor 3,Team G,1261,1824
GSERV01603,1580,1858,3,Shapiro,SERV,The Porch Node 16 Floor 3,The Porch,Team G,1289,1712
GSTAI00903,1685,2052,3,Shapiro,STAI,Staircase Node 9 Floor 3,Floor 3 Stairs ,Team G,1295,1845
GELEV00QL1,1637,2116,L1,Shapiro,ELEV,Elevator Q MapNode 7 Floor L1,Elevator Q L1,Team G,1255,1934
GEXIT001L1,1702,2260,L1,Shapiro,EXIT,Fenwood Road Exit MapNode 1 Floor L1,Fenwood Road Entrance/Exit L1,Team G,1277,1990
GHALL002L1,1702,2167,L1,Shapiro,HALL,Hallway MapNode 2 Floor L1,,Team G,1294,1981
GHALL003L1,1688,2167,L1,Shapiro,HALL,Hallway MapNode 3 Floor L1,,Team G,1280,1970
GHALL004L1,1666,2167,L1,Shapiro,HALL,Hallway MapNode 4 Floor L1,,Team G,1262,1967
GHALL005L1,1688,2131,L1,Shapiro,HALL,Hallway MapNode 5 Floor L1,,Team G,1292,1956
GHALL006L1,1665,2116,L1,Shapiro,HALL,Hallway MapNode 6 Floor L1,,Team G,1281,1946
GSTAI008L1,1720,2131,L1,Shapiro,STAI,Stairs MapNode 8 Floor L1,L1 Stairs,Team G,1316,1967
GELEV00QL2,1625,2089,L2,Shapiro,ELEV,Elevator Q MapNode 6 Floor L2,Elevator Q L2,Team G,1256,1940
GHALL001L2,1730,1585,L2,Shapiro,HALL,Hallway MapNode 1 Floor L2,,Team G,1529,1695
GHALL005L2,1642,2089,L2,Shapiro,HALL,Hallway MapNode 5 Floor L2,,Team G,1278,1947
GHALL007L2,1578,2089,L2,Shapiro,HALL,Hallway MapNode 7 Floor L2,,Team G,1229,1928
GHALL008L2,1577,2195,L2,Shapiro,HALL,Hallway MapNode 8 Floor L2,,Team G,1185,1986
GHALL009L2,1578,2032,L2,Shapiro,HALL,Hallway MapNode 9 Floor L2,,Team G,1250,1898
GHALL010L2,1550,2032,L2,Shapiro,HALL,Hallway MapNode 10 Floor L2,,Team G,1229,1890
GHALL011L2,1550,1966,L2,Shapiro,HALL,Hallway MapNode 11 Floor L2,,Team G,1251,1856
GHALL012L2,1512,1967,L2,Shapiro,HALL,Hallway MapNode 12 Floor L2,,Team G,1223,1845
GHALL013L2,1512,1910,L2,Shapiro,HALL,Hallway MapNode 13 Floor L2,,Team G,1244,1818
GHALL016L2,1512,1702,L2,Shapiro,HALL,Hallway MapNode 16 Floor L2,,Team G,1318,1703
GHALL017L2,1512,1539,L2,Shapiro,HALL,Hallway MapNode 17 Floor L2,,Team G,1385,1616
GLABS003L2,1729,2089,L2,Shapiro,LABS,Cardiovascular Imaging Center Floor L2,Cardiovascular Imaging Center,Team G,1336,1972
GLABS014L2,1512,1844,L2,Shapiro,LABS,Cardiac Stress Test Lab Floor L2,Cardiac Stress Test Lab,Team G,1270,1777
GLABS015L2,1512,1812,L2,Shapiro,LABS,CVRR Floor L2,CVRR,Team G,1281,1762
GREST004L2,1680,2090,L2,Shapiro,REST,Restroom MapNode 4 Floor L2,Restroom Shapiro L2,Team G,1304,1958
HHALL00102,1875,925,2,Tower,HALL,Hallway Connector 1 Floor 2,Hallway H00102,Team H,1840,1296
HHALL00202,1955,900,2,Tower,HALL,Hallway Connector 2 Floor 2,Hallway H00202,Team H,1920,1300
HRETL00102,1935,860,2,Tower,RETL,Garden Cafe,Garden Cafe,Team H,1901,1262
HHALL00302,2035,900,2,Tower,HALL,Hallway Connector 3 Floor 2,Hallway H00302,Team H,1972,1330
HSTAI00102,2060,880,2,Tower,STAI,Stairwell 1 Floor 2,Stairwell 0102,Team H,2000,1316
HHALL00402,1875,1025,2,Tower,HALL,Hallway Connector 4 Floor 2,Hallway H00402,Team H,1811,1342
HHALL00502,1825,1025,2,Tower,HALL,Hallway Connector 5 Floor 2,Hallway H00502,Team H,1770,1340
HRETL00202,1615,1025,2,Tower,RETL,Vending Machine Floor 2?,Vending Machine,Team H,1640,1286
HBATH00102,1605,1008,2,Tower,BATH,Bathroom 1 Tower Floor 2,Bathroom 0102,Team H,1626,1268
HRETL00302,1825,1080,2,Tower,RETL,Gift Shop Tower Floor 2,Gift Shop,Team H,1775,1364
HHALL00602,1775,1080,2,Tower,HALL,Hallway Connector 6 Floor 2,Hallway H00602,Team H,1733,1351
HHALL00702,1740,1165,2,Tower,HALL,Hallway Connector 7 Floor 2,Hallway H00702,Team H,1662,1395
HSTAI00202,1695,1165,2,Tower,STAI,Stairwell 2 Tower Floor 2,Stairwell 0202,Team H,1632,1382
HHALL00802,1740,1230,2,Tower,HALL,Hallway Connector 8 Floor 2,Hallway H00802,Team H,1640,1423
HSTAI00302,1790,1230,2,Tower,STAI,Escalator 1 Floor 2,Escalator 1 Floor 2,Team H,1679,1440
HHALL00902,1740,1280,2,Tower,HALL,Hallway Connector 9 Floor 2,Hallway H00902,Team H,1621,1443
HHALL01002,2055,1280,2,Tower,HALL,Hallway Connector 10 Floor 2,Hallway H01002,Team H,1852,1536
HDEPT00102,2055,1330,2,Tower,DEPT,Endoscopy,Endoscopy,Team H,1835,1567
HHALL00503,1680,1290,3,Tower,HALL,Hallway Connector 5 Floor 3,Hallway H00502,Team H,1571,1416
HSTAI00103,1680,1275,3,Tower,STAI,Stairwell 1 Floor 3,Stairwell,Team H,1589,1398
HHALL00403,1325,1290,3,Tower,HALL,Hallway Connector 4 Floor 3,Hallway H00403,Team H,1337,1325
HHALL00303,1325,985,3,Tower,HALL,Hallway Connector 3 Floor 3,Hallway H00303,Team H,1450,1158
HHALL00203,1235,985,3,Tower,HALL,Hallway Connector 2 Floor 3,Hallway H00203,Team H,1382,1132
HLABS00103,1235,865,3,Tower,LABS,Reproductive Endocrine Labs,Reproductive Endocrine Labs,Team H,1412,1092
HHALL00103,1325,655,3,Tower,HALL,Hallway Connector 1 Floor 3,Hallway H00103,Team H,1565,982
HHALL00603,1735,925,3,Tower,HALL,Hallway Connector 6 Floor 3,Hallway H00603,Team H,1766,1225
HHALL00703,1735,900,3,Tower,HALL,Hallway Connector 7 Floor 3,Hallway H00703,Team H,1778,1214
HDEPT00103,1725,900,3,Tower,DEPT,Dialysis Waiting Room,Dialysis WR,Team H,1765,1220
HHALL00803,1735,865,3,Tower,HALL,Hallway Connector 8 Floor 3,Hallway H00803,Team H,1786,1202
HSERV00103,1750,865,3,Tower,SERV,Nursing Room,Nursing Room,Team H,1812,1194
HHALL00903,1735,820,3,Tower,HALL,Hallway Connector 9 Floor 3,Hallway H00903,Team H,1801,1180
HHALL01003,1785,820,3,Tower,HALL,Hallway Connector 10 Floor 3,Hallway H01003,Team H,1849,1192
HBATH00103,1785,830,3,Tower,BATH,Bathroom 1 Tower Floor 3,Bathroom 0103,Team H,1845,1200
HHALL01103,1690,820,3,Tower,HALL,Hallway Connector 11 Floor 3,Hallway H01103,Team H,1777,1170
HDEPT00203,1690,830,3,Tower,DEPT,MICU 3B/C Waiting Room,MICU 3B/C WR,Team H,1772,1177
HHALL01203,1600,820,3,Tower,HALL,Hallway Connector 12 Floor 3,Hallway H01203,Team H,1707,1145
HHALL01303,1600,1030,3,Tower,HALL,Hallway Connector 13 Floor 3,Hallway H01303,Team H,1630,1257
HHALL01403,1735,1030,3,Tower,HALL,Hallway Connector 14 Floor 3,Hallway H01403,Team H,1728,1292
HHALL01503,1735,985,3,Tower,HALL,Hallway Connector 15 Floor 3,Hallway H01503,Team H,1744,1269
HBATH00203,1750,985,3,Tower,BATH,Bathroom 2 Tower Floor 3,Bathroom 0203,Team H,1754,1274
IHALL00103,2255,1290,3,45 Francis,HALL,Hallway Node 1,H1,Team I,1974,1555
IHALL00203,2323,1290,3,45 Francis,HALL,Hallway Node 2,H2,Team I,2059,1586
IHALL00303,2448,1290,3,45 Francis,HALL,Hallway Node 3,H3,Team I,2152,1620
IHALL00403,2570,1290,3,45 Francis,HALL,Hallway Node 4,H4,Team I,2242,1653
IHALL00503,2730,1290,3,45 Francis,HALL,Hallway Node 5,H5,Team I,2356,1694
IHALL00603,2772,1290,3,45 Francis,HALL,Hallway Node 6,H6,Team I,2388,1705
IHALL00703,2772,1227,3,45 Francis,HALL,Hallway Node 7,H7,Team I,2408,1679
IHALL00803,2772,1147,3,45 Francis,HALL,Hallway Node 8,H8,Team I,2435,1640
IHALL00903,2649,1075,3,45 Francis,HALL,Hallway Node 9,H9,Team I,2376,1559
IHALL01003,2772,1075,3,45 Francis,HALL,Hallway Node 10,H10,Team I,2462,1591
IHALL01103,2922,1075,3,45 Francis,HALL,Hallway Node 11,H11,Team I,2573,1630
IHALL01203,2220,1034,3,45 Francis,HALL,Hallway Node 12,H12,Team I,2080,1425
IHALL01303,2323,1034,3,45 Francis,HALL,Hallway Node 13,H13,Team I,2149,1451
IHALL01403,2323,993,3,45 Francis,HALL,Hallway Node 14,H14,Team I,2166,1430
IHALL01503,2220,944,3,45 Francis,HALL,Hallway Node 15,H15,Team I,2114,1376
IHALL01603,2252,851,3,45 Francis,HALL,Hallway Node 16,H16,Team I,2172,1337
IHALL01703,2323,851,3,45 Francis,HALL,Hallway Node 17,H17,Team I,2215,1352
IHALL01803,2362,851,3,45 Francis,HALL,Hallway Node 18,H18,Team I,2248,1364
IHALL01903,2492,851,3,45 Francis,HALL,Hallway Node 19,H19,Team I,2347,1400
IHALL02003,2597,851,3,45 Francis,HALL,Hallway Node 20,H20,Team I,2422,1428
IHALL02203,2362,764,3,45 Francis,HALL,Hallway Node 22,H22,Team I,2280,1317
IREST00103,2255,1255,3,45 Francis,REST,Restroom 1 - Family,R1,Team I,1985,1538
IREST00203,2570,1257,3,45 Francis,REST,Restroom 2,R2,Team I,2252,1639
IREST00303,2745,1147,3,45 Francis,REST,Restroom 3,R3,Team I,2411,1628
IREST00403,2300,1018,3,45 Francis,REST,Restroom 4 - M wheelchair,R4,Team I,2142,1434
IREST00503,2277,995,3,45 Francis,REST,Restroom 5 - F wheelchair,R5,Team I,2117,1415
IDEPT00103,2323,1328,3,45 Francis,DEPT,Center for Infertility and Reproductive Surgery,D1,Team I,2049,1607
IDEPT00203,2448,1328,3,45 Francis,DEPT,Gynecology Oncology MIGS,D2,Team I,2139,1640
IDEPT00303,2730,1315,3,45 Francis,DEPT,General Surgical Specialties Suite A,D3,Team I,2349,1712
IDEPT00403,2738,1227,3,45 Francis,DEPT,General Surgical Specialties Suite B,D4,Team I,2387,1668
IDEPT00503,2868,1075,3,45 Francis,DEPT,Urology,D5,Team I,2529,1616
IDEPT00603,2333,764,3,45 Francis,DEPT,Maternal Fetal Practice,D6,Team I,2260,1304
IDEPT00703,2400,764,3,45 Francis,DEPT,Obstetrics,D7,Team I,2305,1319
IDEPT00803,2492,887,3,45 Francis,DEPT,Fetal Med & Genetics,D8,Team I,2330,1422
IDEPT00903,2631,851,3,45 Francis,DEPT,Gynecology,D9,Team I,2442,1435
WELEV00E01,3265,830,1,45 Francis,ELEV,Elevator E Floor 1,Elevator E1,Team E,2902,1634
WELEV00E02,3235,880,2,45 Francis,ELEV,Elevator E Floor 2,Elevator E2,Team B,2865,1609
WELEV00F01,3050,980,1,45 Francis,ELEV,Elevator F Floor 1,Elevator F1,Team E,2690,1666
WELEV00F02,3075,960,2,45 Francis,ELEV,Elevator F Floor 2,Elevator F2,Team B,2723,1641
WELEV00G01,2935,900,1,45 Francis,ELEV,Elevator G Floor 1,Elevator G1,Team E,2632,1596
WELEV00G02,2945,870,2,45 Francis,ELEV,Elevator G Floor 2,Elevator G2,Team B,2663,1534
WELEV00HL1,2715,1070,L1,45 Francis,ELEV,Elevator H Floor L1,Elevator HL1,Team C,2419,1648
WELEV00H01,2735,1070,1,45 Francis,ELEV,Elevator H Floor 1,Elevator H1,Team E,2427,1619
WELEV00H02,2725,1065,2,45 Francis,ELEV,Elevator H Floor 2,Elevator H2,Team B,2416,1614
WELEV00H03,2715,1075,3,45 Francis,ELEV,Elevator H Floor 3,Elevator H3,Team I,2420,1565
WELEV00JL2,2360,805,L2,45 Francis,ELEV,Elevator J Floor L2,Elevator JL2,Team C,2264,1435
WELEV00JL1,2360,800,L1,45 Francis,ELEV,Elevator J Floor L1,Elevator JL1,Team C,2268,1409
WELEV00J01,2385,810,1,45 Francis,ELEV,Elevator J Floor 1,Elevator J1,Team E,2262,1391
WELEV00J02,2385,800,2,45 Francis,ELEV,Elevator J Floor 2,Elevator J2,Team B,2269,1367
WELEV00J03,2365,800,3,45 Francis,ELEV,Elevator J Floor 3,Elevator J3,Team I,2263,1335
WELEV00KL2,2215,975,L2,45 Francis,ELEV,Elevator K Floor L2,Elevator KL2,Team C,2097,1494
WELEV00KL1,2220,975,L1,45 Francis,ELEV,Elevator K Floor L1,Elevator KL1,Team C,2098,1474
WELEV00K01,2240,985,1,45 Francis,ELEV,Elevator K Floor 1,Elevator K1,Team E,2093,1448
WELEV00K02,2240,965,2,45 Francis,ELEV,Elevator K Floor 2,Elevator K2,Team B,2099,1418
WELEV00K03,2220,985,3,45 Francis,ELEV,Elevator K Floor 3,Elevator K3,Team I,2095,1394
WELEV00LL2,1785,925,L2,Tower,ELEV,Elevator L Floor L2,Elevator LL2,Team C,1804,1340
WELEV00LL1,1785,925,L1,Tower,ELEV,Elevator L Floor L1,Elevator LL1,Team C,1804,1315
WELEV00L01,1810,930,1,Tower,ELEV,Elevator L Floor 1,Elevator L1,Team F,1806,1290
WELEV00L02,1805,925,2,Tower,ELEV,Elevator L Floor 2,Elevator L2,Team H,1804,1261
WELEV00L03,1790,925,3,Tower,ELEV,Elevator L Floor 3,Elevator L3,Team H,1804,1233
WELEV00ML2,1820,1280,L2,Tower,ELEV,Elevator M Floor L2,Elevator ML2,Team C,1699,1537
WELEV00ML1,1820,1285,L1,Tower,ELEV,Elevator M Floor L1,Elevator ML1,Team C,1694,1514
WELEV00M01,1810,1280,1,Tower,ELEV,Elevator M Floor 1,Elevator M1,Team F,1669,1481
WELEV00M02,1825,1280,2,Tower,ELEV,Elevator M Floor 2,Elevator M2,Team H,1682,1458
WELEV00M03,1815,1290,3,Tower,ELEV,Elevator M Floor 3,Elevator M3,Team H,1706,1440
WHALL001L2,1745,1525,L2,Tower,HALL,Hallway Connector 1 Floor L2,Hallway W01L2,Team C,1555,1665
WHALL002L2,1745,1540,L2,Shapiro,HALL,Hallway Connector 2 Floor L2,Hallway W02L2,Team G,1547,1681
WHALL00101,2160,910,1,45 Francis,HALL,Hallway Connector 1 Floor 1,Hallway W0101,Team F,2042,1381
WHALL00201,2175,910,1,45 Francis,HALL,Hallway Connector 2 Floor 1,Hallway W0201,Team E,2061,1388
WHALL00103,2060,1290,3,45 Francis,HALL,Hallway Connector 1 Floor 3,Hallway W0103,Team H,1869,1514
WHALL00203,2080,1290,3,45 Francis,HALL,Hallway Connector 2 Floor 3,Hallway W0203,Team I,1886,1524
WHALL00102,3345,865,2,45 Francis,HALL,Hallway Connector 1 Floor 2,Hallway W0102,Team B,2943,1665
WHALL00202,3360,860,2,15 Francis,HALL,Hallway Connector 2 Floor 2,Hallway W0202,Team D,2959,1662
WHALL00302,2085,900,2,45 Francis,HALL,Hallway Connector 3 Floor 2,Hallway W0302,Team H,2017,1338
WHALL00402,2105,900,2,45 Francis,HALL,Hallway Connector 4 Floor 2,Hallway W0402,Team B,2032,1343
WHALL00502,2085,1280,2,45 Francis,HALL,Hallway Connector 5 Floor 2,Hallway W0502,Team H,1912,1559
WHALL00602,2105,1280,2,45 Francis,HALL,Hallway Connector 6 Floor 2,Hallway W0602,Team B,1930,1565
WHALL00702,1740,1500,2,Tower,HALL,Hallway Connector 7 Floor 2,Hallway W0702,Team H,1547,1556
WHALL00802,1720,1745,2,Shapiro,HALL,Hallway Connector 8 Floor 2,Hallway W0802,Team G,1456,1693
WHALL00902,1690,2240,2,Shapiro,HALL,Hallway Connector 9 Floor 2,Hallway W0902,Team G,1256,1974
WHALL01002,1690,2455,2,BTM,HALL,Hallway Connector 10 Floor 2,Hallway W1002,Team A,1186,2085
BHALL05901,959,2497,1,TransMed,HALL,Corner,CRN,S,713,1935
BHALL06001,964,3101,1,TransMed,HALL,Corner2,CRN,S,508,2184
BHALL06101,1736,3091,1,TransMed,HALL,Corner3,CRN,S,1003,2354
BHALL06201,1722,2474,1,TransMed,HALL,Corner,CRN,S,1182,2088
BHALL06301,1153,2241,1,Shapiro,HALL,Corner,CRN,S,844,1806
BHALL06401,1763,2266,1,Shapiro,HALL,Corner,CRN,S,1274,1979
BHALL06501,1775,2799,1,Shapiro,HALL,Corner,CRN,S,1127,2225
BHALL06601,1168,1768,1,Shapiro,HALL,Corner,CRN,S,1031,1581
BHALL06801,1566,691,1,Tower,HALL,Corner,CRN,S,1707,1096
BHALL06901,1142,679,1,BinSt,HALL,Corner,CRN,S,1401,933
BHALL07001,1130,1197,1,BinSt,HALL,Corner,CRN,S,1237,1227
BHALL07101,1370,670,1,Tower,HALL,Corner,CRN,S,1470,1109
BHALL07201,1370,1340,1,75Francis,HALL,Corner,CRN,S,1357,1374
BHALL07301,1704,2049,1,Shapiro,HALL,TestLoc,CRN,S,1332,1825
BHALL07401,1699,2042,1,Shapiro,HALL,TestLoc,CRN,S,1328,1845
BHALL07501,1644,1974,1,Shapiro,HALL,TestLoc,CRN,S,1192,1791
BHALL07601,1733,1876,1,Shapiro,HALL,asdfsadf,CRN,S,1368,1800
